date, pm25, pm10, o3, no2, so2, co
2024/12/1, 73, 48, 7, 17, , 
2024/12/2, 115, 55, 7, 17, , 
2024/12/3, 132, 51, 10, 16, , 
2024/12/4, 132, 38, 11, 17, , 
2024/12/5, 85, 46, 2, 22, , 
2024/12/6, 119, , , , , 
2024/11/1, 67, 25, 5, 7, , 
2024/11/2, 80, 24, 20, 10, , 
2024/11/3, 76, 49, 5, 17, , 
2024/11/4, 120, 55, 11, 17, , 
2024/11/5, 134, 58, 7, 19, , 
2024/11/6, 149, 62, 2, 16, , 
2024/11/7, 158, 49, 10, 17, , 
2024/11/8, 135, 57, 16, 14, , 
2024/11/9, 152, 40, 21, 9, , 
2024/11/10, 116, 48, 19, 13, , 
2024/11/11, 129, 42, 14, 8, , 
2024/11/12, 112, 30, 19, 9, , 
2024/11/13, 82, 29, 17, 11, , 
2024/11/14, 72, 41, 10, 18, , 
2024/11/15, 105, 47, 14, 17, , 
2024/11/16, 128, 53, 9, 13, , 
2024/11/17, 148, 38, 8, 7, , 
2024/11/18, 112, 50, 2, 11, , 
2024/11/19, 138, 28, 16, 13, , 
2024/11/20, 80, 26, 11, 13, , 
2024/11/21, 75, 12, 14, 12, , 
2024/11/22, 49, 23, 14, 14, , 
2024/11/23, 76, 18, 22, 10, , 
2024/11/24, 64, 13, 25, 8, , 
2024/11/25, 45, 14, 23, 12, , 
2024/11/26, 44, 17, 16, 14, , 
2024/11/27, 64, 24, 19, 11, , 
2024/11/28, 77, 22, 17, 14, , 
2024/11/29, 68, 13, 16, 5, , 
2024/11/30, 49, 23, 15, 8, , 
2024/10/1, 59, 23, 11, 13, , 
2024/10/2, 70, 6, 17, 7, , 
2024/10/3, 24, 7, 17, 10, , 
2024/10/4, 24, 14, 10, 8, , 
2024/10/5, 51, 13, 14, 7, , 
2024/10/6, 48, 11, 22, 8, , 
2024/10/7, 37, 10, 20, 13, , 
2024/10/8, 28, 8, 22, 9, , 
2024/10/9, 24, 7, 28, 10, , 
2024/10/10, 22, 8, 17, 12, , 
2024/10/11, 24, 9, 25, 9, , 
2024/10/12, 27, 16, 20, 11, , 
2024/10/13, 51, 16, 19, 12, , 
2024/10/14, 44, 20, 28, 8, , 
2024/10/15, 57, 17, 19, 9, , 
2024/10/16, 49, 26, 11, 9, , 
2024/10/17, 79, 40, 9, 9, , 
2024/10/18, 101, 29, 19, 8, , 
2024/10/19, 73, 27, 24, 12, , 
2024/10/20, 71, 40, 12, 15, , 
2024/10/21, 105, 46, 7, 15, , 
2024/10/22, 122, 48, 21, 12, , 
2024/10/23, 121, 37, 16, 11, , 
2024/10/24, 95, 36, 8, 11, , 
2024/10/25, 94, 29, 6, 7, , 
2024/10/26, 82, 27, 13, 10, , 
2024/10/27, 76, 36, 6, 12, , 
2024/10/28, 89, 38, 10, 16, , 
2024/10/29, 98, 38, 5, 16, , 
2024/10/30, 104, 39, 3, 13, , 
2024/10/31, 108, 19, 7, 10, , 
2024/7/1, 35, 7, 28, 7, , 
2024/7/2, 23, 12, 31, 10, , 
2024/7/3, 35, 13, 29, 12, , 
2024/7/4, 41, 11, 28, 12, , 
2024/7/5, 34, 12, 33, 9, , 
2024/7/6, 37, 14, 38, 8, , 
2024/7/7, 45, 20, 39, 12, , 
2024/7/8, 58, 22, 41, 9, , 
2024/7/9, 56, 29, 51, 17, , 
2024/7/10, 61, 29, 49, 15, , 
2024/7/11, 69, 27, 40, 13, , 
2024/7/12, 64, 21, 40, 8, , 
2024/7/13, 53, 16, 40, 8, , 
2024/7/14, 46, 18, 56, 12, , 
2024/7/15, 47, 22, 52, 13, , 
2024/7/16, 54, 14, 39, 6, , 
2024/7/17, 32, 12, 43, 7, , 
2024/7/18, 28, 17, 45, 8, , 
2024/7/19, 47, 13, 34, 5, , 
2024/7/20, 49, 14, 42, 6, , 
2024/7/21, 49, 21, 36, 9, , 
2024/7/22, 59, 14, 37, 8, , 
2024/7/23, 42, 12, 34, 9, , 
2024/7/24, 35, 13, 35, 10, , 
2024/7/25, 38, 16, 34, 12, , 
2024/7/26, 42, 17, 43, 8, , 
2024/7/27, 44, 17, 44, 8, , 
2024/7/28, 50, 11, 38, 7, , 
2024/7/29, 32, 15, 41, 11, , 
2024/7/30, 41, 17, 38, 10, , 
2024/7/31, 41, 21, 40, 12, , 
2024/8/1, 54, 12, 46, 7, , 
2024/8/2, 30, 10, 39, 6, , 
2024/8/3, 34, 15, 41, 8, , 
2024/8/4, 48, 15, 35, 6, , 
2024/8/5, 47, 13, 37, 5, , 
2024/8/6, 36, 20, 41, 9, , 
2024/8/7, 49, 9, 44, 7, , 
2024/8/8, 29, 10, 41, 9, , 
2024/8/9, 29, 12, 41, 9, , 
2024/8/10, 36, 12, 44, 10, , 
2024/8/11, 38, 17, 41, 13, , 
2024/8/12, 44, 21, 52, 15, , 
2024/8/13, 52, 22, 41, 14, , 
2024/8/14, 59, 19, 52, 8, , 
2024/8/15, 60, 24, 50, 12, , 
2024/8/16, 61, 24, 43, 11, , 
2024/8/17, 61, 24, 40, 7, , 
2024/8/18, 61, 14, 37, 5, , 
2024/8/19, 40, 17, 31, 8, , 
2024/8/20, 53, 27, 34, 8, , 
2024/8/21, 72, 16, 39, 11, , 
2024/8/22, 46, 23, 43, 14, , 
2024/8/23, 58, 23, 40, 12, , 
2024/8/24, 61, 18, 44, 9, , 
2024/8/25, 54, 15, 40, 6, , 
2024/8/26, 39, 14, 41, 8, , 
2024/8/27, 41, 26, 47, 15, , 
2024/8/28, 61, 29, 48, 17, , 
2024/8/29, 68, 31, 45, 18, , 
2024/8/30, 67, 32, 50, 17, , 
2024/8/31, 68, 27, 54, 12, , 
2024/9/1, 64, 40, 45, 19, , 
2024/9/2, 74, 41, 48, 18, , 
2024/9/3, 88, , 52, 19, , 
2024/9/8, 50, 13, 22, 8, , 
2024/9/9, 41, 8, 26, 13, , 
2024/9/10, 22, 12, 29, 14, , 
2024/9/11, 32, 8, 21, 8, , 
2024/9/12, 29, 2, 18, 8, , 
2024/9/13, 8, 4, 13, 6, , 
2024/9/14, 15, 4, 22, 7, , 
2024/9/15, 15, 6, 14, 12, , 
2024/9/16, 20, 7, 13, 6, , 
2024/9/17, 31, 21, 24, 11, , 
2024/9/18, 62, 25, 35, 7, , 
2024/9/19, 65, 20, 29, 6, , 
2024/9/20, 54, 23, 36, 12, , 
2024/9/21, 59, 27, 38, 15, , 
2024/9/22, 68, 27, 24, 16, , 
2024/9/23, 71, 16, 23, 13, , 
2024/9/24, 47, 11, 25, 11, , 
2024/9/25, 38, 14, 31, 9, , 
2024/9/26, 44, 18, 30, 13, , 
2024/9/27, 46, 7, 25, 8, , 
2024/9/28, 25, 7, 29, 6, , 
2024/9/29, 22, 13, 22, 14, , 
2024/9/30, 43, 20, 19, 15, , 
2024/4/1, 111, 2, 27, 8, , 
2024/4/2, 14, 6, 31, 10, , 
2024/4/3, 31, 4, 33, 8, , 
2024/4/4, 21, 6, 35, 9, , 
2024/4/5, 32, 8, 37, 8, , 
2024/4/6, 41, 10, 36, 11, , 
2024/4/7, 49, 15, 30, 18, , 
2024/4/8, 64, 8, 32, 12, , 
2024/4/9, 43, 5, , , , 
2024/4/10, 29, 7, , , , 
2024/4/11, 39, 10, , , , 
2024/4/12, 50, 13, , , , 
2024/4/13, 57, 9, , , , 
2024/4/14, 42, 6, , , , 
2024/4/15, 34, 6, , , , 
2024/4/16, 30, 3, , , , 
2024/4/17, 16, 6, 18, 16, , 
2024/4/18, 32, 9, 31, 15, , 
2024/4/19, 45, 13, 31, 13, , 
2024/4/20, 51, 5, 33, 5, , 
2024/4/21, 25, 11, 29, 8, , 
2024/4/22, 54, 13, 23, 6, , 
2024/4/23, 60, 9, 13, 14, , 
2024/4/24, 45, 19, 23, 13, , 
2024/4/25, 75, 12, 29, 11, , 
2024/4/26, 51, 8, 35, 12, , 
2024/4/27, 39, 12, 32, 15, , 
2024/4/28, 54, 13, 40, 17, , 
2024/4/29, 56, 9, 41, 11, , 
2024/4/30, 46, 12, 29, 6, , 
2024/5/1, 56, 8, 31, 7, , 
2024/5/2, 38, 3, 24, 9, , 
2024/5/3, 19, 9, 29, 11, , 
2024/5/4, 44, 11, 34, 10, , 
2024/5/5, 50, 4, 35, 8, , 
2024/5/6, 21, 6, 31, 11, , 
2024/5/7, 34, 11, 30, 8, , 
2024/5/8, 52, 10, 37, 8, , 
2024/5/9, 49, 8, 41, 12, , 
2024/5/10, 41, 10, 47, 12, , 
2024/5/11, 48, 11, 39, 12, , 
2024/5/12, 53, 12, 34, 11, , 
2024/5/13, 55, 10, 31, 11, , 
2024/5/14, 46, 17, 32, 13, , 
2024/5/15, 70, 13, 26, 7, , 
2024/5/16, 59, 11, 31, 9, , 
2024/5/17, 49, 6, 34, 10, , 
2024/5/18, 30, 10, 35, 9, , 
2024/5/19, 49, 25, 28, 12, , 
2024/5/20, 93, 22, 15, 13, , 
2024/5/21, 81, 6, 26, 11, , 
2024/5/22, 33, 9, 31, 10, , 
2024/5/23, 40, 7, 32, 12, , 
2024/5/24, 36, 11, 41, 9, , 
2024/5/25, 52, 11, 36, 7, , 
2024/5/26, 53, 13, 41, 13, , 
2024/5/27, 58, 14, 24, 15, , 
2024/5/28, 62, 5, 32, 12, , 
2024/5/29, 27, 6, 33, 8, , 
2024/5/30, 34, 8, 24, 6, , 
2024/5/31, 39, 5, 30, 7, , 
2024/6/1, 27, 5, 34, 7, , 
2024/6/2, 31, 6, 22, 9, , 
2024/6/3, 32, 6, 25, 11, , 
2024/6/4, 28, 10, 32, 12, , 
2024/6/5, 45, 18, 39, 12, , 
2024/6/6, 59, 23, 40, 13, , 
2024/6/7, 60, 27, 36, 9, , 
2024/6/8, 77, 31, 35, 8, , 
2024/6/9, 79, 22, 27, 9, , 
2024/6/10, 60, 11, 31, 10, , 
2024/6/11, 37, 7, 25, 7, , 
2024/6/12, 19, 14, 17, 13, , 
2024/6/13, 44, 15, 26, 12, , 
2024/6/14, 49, 14, 35, 8, , 
2024/6/15, 44, 10, 37, 7, , 
2024/6/16, 31, 14, 40, 12, , 
2024/6/17, 41, 20, 35, 13, , 
2024/6/18, 56, 21, 33, 9, , 
2024/6/19, 46, 22, 35, 11, , 
2024/6/20, 50, 45, 22, 11, , 
2024/6/21, 91, 35, 27, 5, , 
2024/6/22, 68, 11, 38, 3, , 
2024/6/23, 22, 14, 34, 5, , 
2024/6/24, 40, 18, 29, 9, , 
2024/6/25, 54, 25, 22, 11, , 
2024/6/26, 72, 16, 33, 9, , 
2024/6/27, 50, 17, 40, 12, , 
2024/6/28, 50, 16, 36, 11, , 
2024/6/29, 50, 17, 31, 8, , 
2024/6/30, 51, 13, 35, 7, , 
2024/1/1, 53, 22, 19, 8, , 
2024/1/2, 73, 11, 21, 11, , 
2024/1/3, 35, 19, 18, 14, , 
2024/1/4, 61, 46, 5, 18, , 
2024/1/5, 126, 28, 14, 9, , 
2024/1/6, 86, 7, 20, 4, , 
2024/1/7, 30, 18, 22, 4, , 
2024/1/8, 65, 27, 15, 7, , 
2024/1/9, 84, 44, 11, 12, , 
2024/1/10, 120, 60, 12, 17, , 
2024/1/11, 151, 51, 6, 17, , 
2024/1/12, 138, 47, 14, 18, , 
2024/1/13, 126, 61, 9, 18, , 
2024/1/14, 158, 47, 19, 17, , 
2024/1/15, 127, 21, 14, 14, , 
2024/1/16, 69, 34, 10, 13, , 
2024/1/17, 103, 17, 16, 16, , 
2024/1/18, 59, 18, 19, 14, , 
2024/1/19, 62, 50, 11, 24, , 
2024/1/20, 139, 47, 19, 20, , 
2024/1/21, 132, 63, 10, 29, , 
2024/1/22, 160, 39, 16, 25, , 
2024/1/23, 111, 45, 24, 17, , 
2024/1/24, 124, 35, 16, 20, , 
2024/1/25, 100, 35, 17, 22, , 
2024/1/26, 90, 36, 21, 18, , 
2024/1/27, 95, 49, 19, 17, , 
2024/1/28, 130, 62, 12, 21, , 
2024/1/29, 154, 60, 14, 22, , 
2024/1/30, 152, 69, 10, 24, , 
2024/1/31, 167, 69, 9, 23, , 
2024/2/1, 164, 54, 15, 20, , 
2024/2/2, 132, 50, 13, 23, , 
2024/2/3, 127, 61, 12, 23, , 
2024/2/4, 154, 33, 23, 13, , 
2024/2/5, 92, 24, 24, 10, , 
2024/2/6, 76, 21, 24, 12, , 
2024/2/7, 66, 17, 27, 10, , 
2024/2/8, 56, 15, 30, 6, , 
2024/2/9, 49, 24, 25, 11, , 
2024/2/10, 67, 13, 15, 8, , 
2024/2/11, 51, 12, 18, 12, , 
2024/2/12, 39, 27, 14, 17, , 
2024/2/13, 74, 34, 18, 19, , 
2024/2/14, 92, 39, 17, 19, , 
2024/2/15, 103, 29, 22, 18, , 
2024/2/16, 84, 45, 19, 17, , 
2024/2/17, 122, 27, 21, 14, , 
2024/2/18, 84, 47, 4, 22, , 
2024/2/19, 130, 39, 21, 18, , 
2024/2/20, 108, 24, 26, 15, , 
2024/2/21, 70, 14, 32, 9, , 
2024/2/22, 48, 8, 34, 10, , 
2024/2/23, 28, 8, 29, 8, , 
2024/2/24, 28, 29, 21, 17, , 
2024/2/25, 87, 28, 23, 18, , 
2024/2/26, 82, 42, 3, 23, , 
2024/2/27, 116, 41, 3, 17, , 
2024/2/28, 118, 44, 10, 15, , 
2024/2/29, 122, 45, 12, 15, , 
2024/3/1, 129, 35, 18, 13, , 
2024/3/2, 106, 23, 29, 16, , 
2024/3/3, 69, 36, 18, 21, , 
2024/3/4, 93, 34, 25, 15, , 
2024/3/5, 92, 26, 25, 9, , 
2024/3/6, 78, 23, 21, 7, , 
2024/3/7, 74, 36, 9, 14, , 
2024/3/8, 105, 43, 9, 13, , 
2024/3/9, 126, 41, 21, 11, , 
2024/3/10, 120, 7, 19, 12, , 
2024/3/11, 37, 16, 19, 13, , 
2024/3/12, 52, 28, 22, 15, , 
2024/3/13, 78, 22, 24, 16, , 
2024/3/14, 84, 18, 33, 20, , 
2024/3/15, 70, 25, 26, 15, , 
2024/3/16, 90, 20, 27, 12, , 
2024/3/17, 74, 9, 29, 7, , 
2024/3/18, 45, 17, 25, 10, , 
2024/3/19, 70, 30, 30, 17, , 
2024/3/20, 104, 26, 27, 18, , 
2024/3/21, 94, 10, 30, 14, , 
2024/3/22, 47, 15, 39, 12, , 
2024/3/23, 60, 4, 32, 6, , 
2024/3/24, 19, 9, 30, 12, , 
2024/3/25, 42, 16, 26, 20, , 
2024/3/26, 64, 20, 25, 13, , 
2024/3/27, 76, 2, 30, 5, , 
2024/3/28, 15, 7, 29, 8, , 
2024/3/29, 39, 14, 28, 11, , 
2024/3/30, 63, 27, 31, 9, , 
2024/3/31, 99, 34, 35, 3, , 
2023/10/1, 74, 19, 21, 14, , 
2023/10/2, 59, 19, 20, 13, , 
2023/10/3, 55, 19, 23, 12, , 
2023/10/4, 47, 20, 22, 16, , 
2023/10/5, 50, 22, 29, 16, , 
2023/10/6, 57, 19, 25, 14, , 
2023/10/7, 57, 14, 23, 6, , 
2023/10/8, 38, 12, 21, 11, , 
2023/10/9, 29, 21, 18, 13, , 
2023/10/10, 55, 26, 17, 15, , 
2023/10/11, 67, 24, 25, 13, , 
2023/10/12, 67, 27, 25, 12, , 
2023/10/13, 72, 23, 26, 4, , 
2023/10/14, 69, 8, 19, 6, , 
2023/10/15, 31, 12, 13, 11, , 
2023/10/16, 46, 23, 19, 13, , 
2023/10/17, 71, 35, 18, 14, , 
2023/10/18, 98, 33, 6, 16, , 
2023/10/19, 90, 33, 19, 16, , 
2023/10/20, 69, 12, 16, 9, , 
2023/10/21, 36, 7, 18, 9, , 
2023/10/22, 23, 11, 18, 13, , 
2023/10/23, 37, 15, 15, 15, , 
2023/10/24, 39, 8, 24, 12, , 
2023/10/25, 25, 8, 20, 8, , 
2023/10/26, 23, 7, 11, 11, , 
2023/10/27, 25, 11, 16, 11, , 
2023/10/28, 37, 13, 21, 11, , 
2023/10/29, 44, 15, 21, 15, , 
2023/10/30, 40, 8, 19, 12, , 
2023/10/31, 29, 15, 10, 8, , 
2023/11/1, 52, 14, 18, 11, , 
2023/11/2, 44, 9, 24, 13, , 
2023/11/3, 29, 14, 13, 11, , 
2023/11/4, 47, 9, 25, 6, , 
2023/11/5, 31, 12, 22, 14, , 
2023/11/6, 38, 15, 12, 12, , 
2023/11/7, 53, 15, 14, 13, , 
2023/11/8, 51, 22, 13, 14, , 
2023/11/9, 70, 22, 9, 15, , 
2023/11/10, 73, 15, 19, 11, , 
2023/11/11, 49, 31, 5, 12, , 
2023/11/12, 94, 25, 6, 13, , 
2023/11/13, 77, 23, 8, 17, , 
2023/11/14, 68, 20, 9, 15, , 
2023/11/15, 65, 42, 2, 14, , 
2023/11/16, 115, 23, 18, 13, , 
2023/11/17, 68, 31, 14, 14, , 
2023/11/18, 93, 41, 8, 14, , 
2023/11/19, 119, 53, 7, 20, , 
2023/11/20, 128, 27, 12, 16, , 
2023/11/21, 77, 9, 17, 5, , 
2023/11/22, 37, 28, 7, 14, , 
2023/11/23, 82, 25, 16, 12, , 
2023/11/24, 75, 8, 22, 10, , 
2023/11/25, 32, 22, 16, 13, , 
2023/11/26, 71, 41, 7, 17, , 
2023/11/27, 112, 37, 3, 20, , 
2023/11/28, 107, 26, 12, 13, , 
2023/11/29, 79, 41, 4, 14, , 
2023/11/30, 116, 29, 4, 8, , 
2023/12/1, 89, 16, 5, 7, , 
2023/12/2, 59, 27, 14, 12, , 
2023/12/3, 85, 51, 6, 15, , 
2023/12/4, 143, 38, 18, 14, , 
2023/12/5, 113, 30, 6, 13, , 
2023/12/6, 93, 49, 3, 18, , 
2023/12/7, 127, 64, 2, 19, , 
2023/12/8, 157, 36, 8, 9, , 
2023/12/9, 109, 26, 8, 7, , 
2023/12/10, 81, 30, 5, 12, , 
2023/12/11, 91, 51, 2, 17, , 
2023/12/12, 140, 43, 2, 22, , 
2023/12/13, 117, 20, 13, 18, , 
2023/12/14, 64, 20, 12, 10, , 
2023/12/15, 65, 25, 10, 13, , 
2023/12/16, 78, 44, 8, 13, , 
2023/12/17, 121, 68, 5, 21, , 
2023/12/18, 161, 78, 9, 24, , 
2023/12/19, 174, 74, 37, 20, , 
2023/12/20, 169, 53, 6, 18, , 
2023/12/21, 145, 34, 7, 21, , 
2023/12/22, 96, 47, 16, 16, , 
2023/12/23, 122, 58, 11, 14, , 
2023/12/24, 153, 19, 20, 6, , 
2023/12/25, 64, 19, 22, 7, , 
2023/12/26, 62, 42, 7, 19, , 
2023/12/27, 116, 22, 22, 9, , 
2023/12/28, 72, 17, 19, 13, , 
2023/12/29, 57, 24, 15, 15, , 
2023/12/30, 77, , , , , 
2023/7/1, 37, 10, 36, 6, , 
2023/7/2, 43, 9, 35, 6, , 
2023/7/3, 35, 7, 34, 8, , 
2023/7/4, 30, 12, 34, 10, , 
2023/7/5, 44, 6, 38, 7, , 
2023/7/6, 22, 10, 36, 12, , 
2023/7/7, 34, 11, 42, 11, , 
2023/7/8, 37, 13, 41, 10, , 
2023/7/9, 48, 15, 36, 15, , 
2023/7/10, 49, 19, 42, 12, , 
2023/7/11, 56, 18, 35, 9, , 
2023/7/12, 44, 12, 40, 7, , 
2023/7/13, 34, 5, 41, 5, , 
2023/7/14, 21, 11, 35, 10, , 
2023/7/15, 39, 13, 45, 7, , 
2023/7/16, 49, 16, 36, 11, , 
2023/7/17, 50, 15, 40, 8, , 
2023/7/18, 41, 11, 29, 6, , 
2023/7/19, 30, 8, , , , 
2023/7/20, 33, 8, 38, 9, , 
2023/7/21, 30, 13, , , , 
2023/7/22, 53, 13, , , , 
2023/7/23, 55, 16, , , , 
2023/7/24, 56, 14, , , , 
2023/7/25, 50, 4, , , , 
2023/7/26, 19, 4, 27, 9, , 
2023/7/27, 16, 12, 8, 15, , 
2023/7/28, 52, , , , , 
2023/7/30, 35, 7, 30, 9, , 
2023/7/31, 28, 11, 36, 8, , 
2023/8/1, 41, 3, 31, 6, , 
2023/8/2, 14, 10, 27, 8, , 
2023/8/3, 40, 4, 21, 6, , 
2023/8/4, 19, 2, 20, 3, , 
2023/8/5, 12, , , , , 
2023/8/7, 13, 4, 25, 9, , 
2023/8/8, 15, 8, 22, 9, , 
2023/8/9, 31, 8, 29, 7, , 
2023/8/10, 28, 9, 36, 12, , 
2023/8/11, 36, 12, 37, 11, , 
2023/8/12, 40, 13, 42, 9, , 
2023/8/13, 49, 22, 41, 12, , 
2023/8/14, 65, 18, 43, 9, , 
2023/8/15, 60, 18, 43, 12, , 
2023/8/16, 59, 18, 45, 10, , 
2023/8/17, 62, 19, 38, 11, , 
2023/8/18, 61, 19, 32, 10, , 
2023/8/19, 65, 20, 40, 10, , 
2023/8/20, 67, 22, 42, 15, , 
2023/8/21, 69, 20, 45, 16, , 
2023/8/22, 62, 24, 43, 15, , 
2023/8/23, 67, 22, 40, 13, , 
2023/8/24, 68, 22, 33, 14, , 
2023/8/25, 68, 25, 31, 10, , 
2023/8/26, 75, 24, 36, 11, , 
2023/8/27, 76, 18, 30, 9, , 
2023/8/28, 51, 12, 25, 7, , 
2023/8/29, 38, 3, 19, 6, , 
2023/8/30, 15, 4, 27, 10, , 
2023/8/31, 19, 10, 26, 11, , 
2023/9/1, 34, 15, 1, 19, , 
2023/9/2, 54, 12, 27, 8, , 
2023/9/3, 39, 9, 34, 4, , 
2023/9/4, 27, 11, 32, 8, , 
2023/9/5, 35, 15, 35, 11, , 
2023/9/6, 45, 18, 37, 10, , 
2023/9/7, 51, 21, 39, 15, , 
2023/9/8, 51, 24, 39, 16, , 
2023/9/9, 61, 25, 41, 15, , 
2023/9/10, 64, 30, 40, 18, , 
2023/9/11, 70, 28, 32, 17, , 
2023/9/12, 70, 23, 36, 12, , 
2023/9/13, 62, 18, 22, 13, , 
2023/9/14, 52, 14, 25, 14, , 
2023/9/15, 44, 17, 31, 11, , 
2023/9/16, 53, 15, 28, 12, , 
2023/9/17, 49, 19, 22, 11, , 
2023/9/18, 55, 12, 20, 13, , 
2023/9/19, 38, 13, 20, 12, , 
2023/9/20, 41, 12, 24, 10, , 
2023/9/21, 36, 20, 19, 13, , 
2023/9/22, 52, 8, 25, 4, , 
2023/9/23, 26, 3, 26, 3, , 
2023/9/24, 10, 8, 23, 7, , 
2023/9/25, 30, 19, 25, 14, , 
2023/9/26, 53, 26, 32, 13, , 
2023/9/27, 63, 27, 30, 16, , 
2023/9/28, 64, 28, 29, 20, , 
2023/9/29, 67, 29, 31, 15, , 
2023/9/30, 75, 25, 23, 11, , 
2023/4/1, 25, 10, 28, 9, , 
2023/4/2, 40, 7, 32, 4, , 
2023/4/3, 25, 10, 33, 5, , 
2023/4/4, 35, 13, 35, 7, , 
2023/4/5, 48, 19, 35, 14, , 
2023/4/6, 58, 32, 36, 16, , 
2023/4/7, 92, 28, 34, 9, , 
2023/4/8, 87, 14, 27, 4, , 
2023/4/9, 55, 18, 33, 11, , 
2023/4/10, 64, 36, 12, 18, , 
2023/4/11, 105, , , , , 
2023/4/16, 28, 11, , , , 
2023/4/17, 44, 12, , , , 
2023/4/18, 50, 17, 28, 9, , 
2023/4/19, 60, 19, 32, 10, , 
2023/4/20, 62, 26, 35, 15, , 
2023/4/21, 76, 22, 40, 12, , 
2023/4/22, 66, 22, 36, 10, , 
2023/4/23, 70, 12, 25, 15, , 
2023/4/24, 46, 6, 34, 7, , 
2023/4/25, 20, 11, 33, 8, , 
2023/4/26, 38, 14, 38, 10, , 
2023/4/27, 48, 17, 28, 15, , 
2023/4/28, 55, 12, 40, 9, , 
2023/4/29, 40, 11, 34, 7, , 
2023/4/30, 43, 14, 35, 8, , 
2023/5/1, 52, 17, 28, 9, , 
2023/5/2, 63, 10, 30, 5, , 
2023/5/3, 42, 15, 35, 9, , 
2023/5/4, 53, 20, 37, 14, , 
2023/5/5, 63, 23, 44, 13, , 
2023/5/6, 71, 16, 41, 7, , 
2023/5/7, 56, 19, 23, 8, , 
2023/5/8, 64, 16, 29, 8, , 
2023/5/9, 51, 19, 25, 10, , 
2023/5/10, 62, 18, 19, 7, , 
2023/5/11, 64, 7, 10, 10, , 
2023/5/12, 33, 14, 19, 6, , 
2023/5/13, 55, 13, 20, 4, , 
2023/5/14, 51, 8, 23, 7, , 
2023/5/15, 33, 5, 25, 8, , 
2023/5/16, 23, 4, 29, 5, , 
2023/5/17, 15, 13, 28, 6, , 
2023/5/18, 44, 17, 24, 6, , 
2023/5/19, 59, 19, 35, 8, , 
2023/5/20, 60, 20, 39, 6, , 
2023/5/21, 60, 21, 40, 11, , 
2023/5/22, 62, 21, 37, 12, , 
2023/5/23, 63, 14, 28, 9, , 
2023/5/24, 53, 14, 35, 8, , 
2023/5/25, 49, 18, 36, 9, , 
2023/5/26, 60, , , , , 
2023/5/28, 53, 17, 35, 12, , 
2023/5/29, 55, 14, 37, 8, , 
2023/5/30, 47, 18, 26, 12, , 
2023/5/31, 59, 20, 39, 10, , 
2023/6/1, 66, 20, 44, 11, , 
2023/6/2, 70, 13, 35, 6, , 
2023/6/3, 53, 13, 35, 7, , 
2023/6/4, 53, 15, 16, 9, , 
2023/6/5, 59, 12, 19, 11, , 
2023/6/6, 48, 11, 32, 11, , 
2023/6/7, 41, 10, 32, 9, , 
2023/6/8, 41, 10, 33, 10, , 
2023/6/9, 41, 12, 35, 10, , 
2023/6/10, 46, 11, 31, 4, , 
2023/6/11, 47, 9, 35, 5, , 
2023/6/12, 34, 12, 36, 9, , 
2023/6/13, 39, 12, 40, 8, , 
2023/6/14, 44, 13, 40, 8, , 
2023/6/15, 43, 13, 41, 11, , 
2023/6/16, 49, 13, 40, 11, , 
2023/6/17, 49, 15, 45, 11, , 
2023/6/18, 60, 18, 47, 13, , 
2023/6/19, 58, 19, 45, 12, , 
2023/6/20, 62, 22, 59, 12, , 
2023/6/21, 61, 19, 37, 8, , 
2023/6/22, 56, 26, 34, 8, , 
2023/6/23, 54, 8, 29, 4, , 
2023/6/24, 31, 10, 39, 7, , 
2023/6/25, 40, 14, 42, 13, , 
2023/6/26, 48, 16, 36, 8, , 
2023/6/27, 55, 9, 33, 10, , 
2023/6/28, 37, 9, 39, 12, , 
2023/6/29, 32, 10, 34, 11, , 
2023/6/30, 35, 10, 38, 8, , 
2023/1/2, 49, 20, 17, 13, , 
2023/1/3, 69, 27, 14, 15, , 
2023/1/4, 86, 22, 9, 12, , 
2023/1/5, 74, 32, 10, 14, , 
2023/1/6, 97, 32, 12, 12, , 
2023/1/7, 100, 16, 24, 9, , 
2023/1/8, 57, 14, 21, 12, , 
2023/1/9, 51, 6, 21, 10, , 
2023/1/10, 25, 24, 12, 21, , 
2023/1/11, 76, 43, 7, 21, , 
2023/1/12, 122, 60, 3, 18, , 
2023/1/13, 154, 50, 9, 16, , 
2023/1/14, 141, 34, 7, 13, , 
2023/1/15, 105, 20, 19, 12, , 
2023/1/16, 66, 18, 16, 13, , 
2023/1/17, 65, 23, 9, 19, , 
2023/1/18, 79, 21, 15, 13, , 
2023/1/19, 72, 34, 14, 16, , 
2023/1/20, 92, 33, 18, 7, , 
2023/1/21, 79, 13, 17, 4, , 
2023/1/22, 48, 13, 15, 7, , 
2023/1/23, 53, 23, 13, 12, , 
2023/1/24, 77, 25, 13, 8, , 
2023/1/25, 81, 24, 18, 7, , 
2023/1/26, 79, , , , , 
2023/2/1, 111, 32, 28, 14, , 
2023/2/2, 93, 21, 19, 17, , 
2023/2/3, 63, 16, 27, 8, , 
2023/2/4, 50, 7, 25, 4, , 
2023/2/5, 29, 22, 20, 10, , 
2023/2/6, 73, 45, 15, 21, , 
2023/2/7, 123, 47, 18, 16, , 
2023/2/8, 126, 38, 27, 17, , 
2023/2/9, 109, 61, 18, 32, , 
2023/2/10, 150, 54, 25, 22, , 
2023/2/11, 141, 47, 18, 20, , 
2023/2/12, 127, 35, 20, 21, , 
2023/2/13, 102, 47, 21, 20, , 
2023/2/14, 128, 50, 21, 21, , 
2023/2/15, 137, 64, 16, 29, , 
2023/2/16, 157, 35, 32, 12, , 
2023/2/17, 104, 40, 32, 9, , 
2023/2/18, 115, 21, 33, 5, , 
2023/2/19, 72, 25, 25, 16, , 
2023/2/20, 81, 28, 23, 14, , 
2023/2/21, 86, 45, 21, 24, , 
2023/2/22, 125, 61, 14, 26, , 
2023/2/23, 153, 32, 26, 13, , 
2023/2/24, 93, 13, 29, 7, , 
2023/2/25, 46, 11, 27, 5, , 
2023/2/26, 39, 19, 25, 7, , 
2023/2/27, 62, 24, 23, 7, , 
2023/2/28, 78, 26, 15, 8, , 
2023/3/1, 84, 34, 16, 12, , 
2023/3/2, 103, 44, 11, 14, , 
2023/3/3, 124, 40, 20, 16, , 
2023/3/4, 112, 32, 27, 14, , 
2023/3/5, 97, 32, 24, 17, , 
2023/3/6, 93, 24, 36, 10, , 
2023/3/7, 78, 10, 33, 8, , 
2023/3/8, 38, 11, 31, 9, , 
2023/3/9, 33, 23, 22, 19, , 
2023/3/10, 72, 12, 28, 9, , 
2023/3/11, 42, 14, 32, 10, , 
2023/3/12, 49, 31, 32, 14, , 
2023/3/13, 89, 9, 31, 12, , 
2023/3/14, 32, 7, 28, 9, , 
2023/3/15, 25, 15, 31, 15, , 
2023/3/16, 49, 35, 32, 19, , 
2023/3/17, 98, 26, 36, 15, , 
2023/3/18, 78, 26, 39, 12, , 
2023/3/19, 80, 19, 29, 12, , 
2023/3/20, 65, 30, 32, 18, , 
2023/3/21, 89, 35, 30, 21, , 
2023/3/22, 99, 28, 30, 19, , 
2023/3/23, 81, 15, 39, 7, , 
2023/3/24, 47, 8, 32, 9, , 
2023/3/25, 34, 19, 31, 12, , 
2023/3/26, 65, 3, 31, 7, , 
2023/3/27, 13, 10, 32, 12, , 
2023/3/28, 34, 27, 24, 18, , 
2023/3/29, 76, 10, 35, 7, , 
2023/3/30, 33, 11, 35, 7, , 
2023/3/31, 37, 6, 34, 7, , 
2022/10/1, 37, 11, 20, 9, , 
2022/10/2, 41, 10, 20, 12, , 
2022/10/3, 37, 13, 19, 15, , 
2022/10/4, 44, 16, 17, 14, , 
2022/10/5, 55, 22, 18, 18, , 
2022/10/6, 68, 24, 25, 17, , 
2022/10/7, 72, 35, 17, 16, , 
2022/10/8, 102, 25, 24, 10, , 
2022/10/9, 77, 27, 17, 15, , 
2022/10/10, 81, 34, 18, 16, , 
2022/10/11, 97, 37, 10, 19, , 
2022/10/12, 101, , , , , 
2022/10/16, 116, 42, 20, 19, , 
2022/10/17, 112, 48, 18, 21, , 
2022/10/18, 128, 48, 8, 19, , 
2022/10/19, 135, 19, 16, 14, , 
2022/10/20, 62, 27, 19, 14, , 
2022/10/21, 82, 12, 21, 11, , 
2022/10/22, 44, 13, 22, 8, , 
2022/10/23, 50, 22, 19, 15, , 
2022/10/24, 66, 11, 13, 13, , 
2022/10/25, 45, 24, 5, 15, , 
2022/10/26, 78, 20, 7, 11, , 
2022/10/27, 70, 14, 6, 8, , 
2022/10/28, 53, 14, 6, 6, , 
2022/10/29, 53, 18, 3, 8, , 
2022/10/30, 65, 26, 3, 10, , 
2022/10/31, 85, 29, 6, 11, , 
2022/11/1, 93, 34, 11, 15, , 
2022/11/2, 101, 26, 17, 14, , 
2022/11/3, 82, 30, 13, 14, , 
2022/11/4, 95, 9, 21, 9, , 
2022/11/5, 35, 12, 23, 8, , 
2022/11/6, 42, 35, 13, 15, , 
2022/11/7, 104, 47, 6, 15, , 
2022/11/8, 132, 37, 15, 14, , 
2022/11/9, 105, 27, 16, 12, , 
2022/11/10, 85, 33, 3, 12, , 
2022/11/11, 103, 33, 1, 10, , 
2022/11/12, 105, 38, 14, 9, , 
2022/11/13, 115, 37, 3, 12, , 
2022/11/14, 113, 30, 4, 11, , 
2022/11/15, 96, 34, 2, 11, , 
2022/11/16, 105, 21, 4, 10, , 
2022/11/17, 74, 19, 2, 12, , 
2022/11/18, 69, 21, 8, 7, , 
2022/11/19, 74, 18, 9, 10, , 
2022/11/20, 61, 16, 9, 9, , 
2022/11/21, 60, 15, 12, 7, , 
2022/11/22, 58, 16, 12, 13, , 
2022/11/23, 51, 38, 6, 15, , 
2022/11/24, 111, 48, 1, 17, , 
2022/11/25, 136, 48, 2, 15, , 
2022/11/26, 137, 42, 11, 12, , 
2022/11/27, 122, 41, 12, 11, , 
2022/11/28, 115, 34, 11, 7, , 
2022/11/29, 103, 23, 11, 8, , 
2022/11/30, 78, 23, 10, 8, , 
2022/12/1, 78, 31, 7, 11, , 
2022/12/2, 98, 39, 3, 8, , 
2022/12/3, 118, 35, 3, 7, , 
2022/12/4, 107, 29, 2, 7, , 
2022/12/5, 93, 31, 3, 15, , 
2022/12/6, 98, 46, , 12, , 
2022/12/7, 133, 34, 4, 10, , 
2022/12/8, 105, 33, 3, 10, , 
2022/12/9, 104, 18, 11, 8, , 
2022/12/10, 66, 16, 14, 7, , 
2022/12/11, 59, 29, 16, 15, , 
2022/12/12, 89, 57, 2, 20, , 
2022/12/13, 155, 57, 5, 14, , 
2022/12/14, 157, 61, 3, 13, , 
2022/12/15, 161, 46, 3, 13, , 
2022/12/16, 135, 36, 4, 13, , 
2022/12/17, 109, 40, 15, 15, , 
2022/12/18, 117, 44, 10, 14, , 
2022/12/19, 127, 32, 12, 9, , 
2022/12/20, 97, 42, 3, 10, , 
2022/12/21, 123, 55, 2, 16, , 
2022/12/22, 147, 44, 8, 18, , 
2022/12/23, 123, 26, 14, 13, , 
2022/12/24, 80, 63, 4, 12, , 
2022/12/25, 162, 23, 15, 7, , 
2022/12/26, 78, 17, 15, 12, , 
2022/12/27, 64, 29, 15, 19, , 
2022/12/28, 88, 49, 8, 17, , 
2022/12/29, 129, 24, 17, 19, , 
2022/12/30, 80, 19, 17, 8, , 
2022/12/31, 67, 17, 18, 5, , 
2023/1/1, 64, 12, 23, 6, , 
2022/7/1, 41, 10, 89, 5, , 
2022/7/2, 16, 14, 101, 10, , 
2022/7/3, 31, 23, 46, 14, , 
2022/7/4, 48, 12, 37, 8, , 
2022/7/5, 28, 16, 40, 9, , 
2022/7/6, 31, 12, 38, 11, , 
2022/7/7, 33, 11, 24, 7, , 
2022/7/8, 31, 8, 30, 9, , 
2022/7/9, 22, 9, 30, 9, , 
2022/7/10, 28, 9, 28, 9, , 
2022/7/11, 22, 11, 32, 11, , 
2022/7/12, 29, 8, 34, 10, , 
2022/7/13, 20, 13, 36, 14, , 
2022/7/14, 30, 16, 39, 7, , 
2022/7/15, 39, 14, 43, 6, , 
2022/7/16, 32, 11, 38, 4, , 
2022/7/17, 22, 18, 43, 12, , 
2022/7/18, 30, 21, 45, 16, , 
2022/7/19, 34, 21, 43, 17, , 
2022/7/20, 36, 23, 51, 21, , 
2022/7/21, 40, 27, 57, 20, , 
2022/7/22, 51, 26, 52, 15, , 
2022/7/23, 60, 15, 53, 8, , 
2022/7/24, 47, 16, 50, 14, , 
2022/7/25, 47, 17, 32, 13, , 
2022/7/26, 52, 18, 40, 11, , 
2022/7/27, 57, 17, 44, 13, , 
2022/7/28, 47, 23, 47, 17, , 
2022/7/29, 53, 14, 28, 11, , 
2022/7/30, 46, 12, 44, 10, , 
2022/7/31, 38, 15, 41, 15, , 
2022/8/1, 44, 11, 27, 12, , 
2022/8/2, 32, 13, 44, 13, , 
2022/8/3, 38, 13, 49, 14, , 
2022/8/4, 33, 13, 48, 12, , 
2022/8/5, 38, 16, 49, 10, , 
2022/8/6, 43, 9, 39, 4, , 
2022/8/7, 31, 9, 36, 4, , 
2022/8/8, 25, 11, 41, 9, , 
2022/8/9, 30, 11, 35, 7, , 
2022/8/10, 27, 14, 37, 12, , 
2022/8/11, 35, 17, 35, 9, , 
2022/8/12, 31, 8, 35, 6, , 
2022/8/13, 30, 12, 44, 8, , 
2022/8/14, 44, 13, 46, 10, , 
2022/8/15, 45, 12, 43, 14, , 
2022/8/16, 37, 14, 43, 12, , 
2022/8/17, 43, 21, 41, 13, , 
2022/8/18, 46, 23, 32, 14, , 
2022/8/19, 51, 15, 34, 9, , 
2022/8/20, 46, 8, 34, 8, , 
2022/8/21, 25, 9, 15, 11, , 
2022/8/22, 33, 5, 18, 8, , 
2022/8/23, 17, 10, 33, 9, , 
2022/8/24, 29, 17, 36, 12, , 
2022/8/25, 51, 26, 43, 18, , 
2022/8/26, 63, 29, 46, 14, , 
2022/8/27, 62, 13, 39, 8, , 
2022/8/28, 44, 10, 31, 13, , 
2022/8/29, 30, 13, 40, 12, , 
2022/8/30, 39, 17, 39, 13, , 
2022/8/31, 46, 9, 28, 7, , 
2022/9/1, 31, 13, 26, 12, , 
2022/9/2, 37, 14, 29, 12, , 
2022/9/3, 43, 16, 36, 10, , 
2022/9/4, 49, 21, 33, 14, , 
2022/9/5, 60, 21, 32, 13, , 
2022/9/6, 56, 22, 43, 14, , 
2022/9/7, 59, 15, 21, 17, , 
2022/9/8, 44, 9, 25, 14, , 
2022/9/9, 29, 7, 29, 10, , 
2022/9/10, 23, 6, 26, 8, , 
2022/9/11, 16, 8, 26, 12, , 
2022/9/12, 24, 11, 30, 14, , 
2022/9/13, 34, 10, 35, 7, , 
2022/9/14, 20, 11, 25, 15, , 
2022/9/15, 30, 7, 21, 8, , 
2022/9/16, 29, 5, 24, 9, , 
2022/9/17, 20, 5, 18, 7, , 
2022/9/18, 19, 7, 19, 12, , 
2022/9/19, 27, 8, 20, 11, , 
2022/9/20, 32, 8, 24, 13, , 
2022/9/21, 29, 12, 20, 14, , 
2022/9/22, 43, 13, 24, 14, , 
2022/9/23, 46, 16, 27, 11, , 
2022/9/24, 53, 13, 20, 10, , 
2022/9/25, 49, 16, 19, 12, , 
2022/9/26, 58, 10, 16, 9, , 
2022/9/27, 40, 10, 14, 11, , 
2022/9/28, 34, 10, 14, 11, , 
2022/9/29, 41, 10, 11, 11, , 
2022/9/30, 41, 9, 23, 9, , 
2022/4/1, 49, 19, 22, 1, , 
2022/4/2, 67, 20, 29, 6, , 
2022/4/3, 65, 24, 33, 12, , 
2022/4/4, 72, 19, 38, 7, , 
2022/4/5, 60, 20, 35, 8, , 
2022/4/6, 60, 12, 41, 5, , 
2022/4/7, 39, 13, 33, 10, , 
2022/4/8, 34, 9, 26, 1, , 
2022/4/9, 28, 12, 32, 5, , 
2022/4/10, 41, 21, 33, 10, , 
2022/4/11, 60, 17, 39, 13, , 
2022/4/12, 42, 29, 42, 9, , 
2022/4/13, 67, 27, 43, 9, , 
2022/4/14, 57, 34, 39, 13, , 
2022/4/15, 82, 8, 32, 10, , 
2022/4/16, 26, 11, 35, , , 
2022/4/17, 42, 13, 36, 1, , 
2022/4/18, 48, 12, 34, 5, , 
2022/4/19, 44, 19, 34, 9, , 
2022/4/20, 61, 36, 27, 10, , 
2022/4/21, 95, 23, 21, 5, , 
2022/4/22, 73, 19, 28, 3, , 
2022/4/23, 59, 11, 34, 3, , 
2022/4/24, 30, 8, 32, 4, , 
2022/4/25, 22, 14, 29, 7, , 
2022/4/26, 42, 9, 24, , , 
2022/4/27, 31, 15, 40, , , 
2022/4/28, 47, 20, 38, 12, , 
2022/4/29, 55, 23, 41, 13, , 
2022/4/30, 61, 17, 37, 6, , 
2022/5/1, 53, 16, 31, 14, , 
2022/5/2, 49, 21, 36, 16, , 
2022/5/3, 55, 23, 35, 16, , 
2022/5/4, 57, 22, 32, 15, , 
2022/5/5, 55, 21, 28, 14, , 
2022/5/6, 60, 26, 23, 9, , 
2022/5/7, 76, 24, 34, 7, , 
2022/5/8, 69, 20, 35, 12, , 
2022/5/9, 57, 24, 38, 14, , 
2022/5/10, 64, 28, 36, 14, , 
2022/5/11, 60, 24, 43, 13, , 
2022/5/12, 55, 21, 42, 9, , 
2022/5/13, 54, 18, 40, 11, , 
2022/5/14, 51, 22, 40, 11, , 
2022/5/15, 57, 22, 34, 14, , 
2022/5/16, 57, 15, 34, 11, , 
2022/5/17, 46, 17, 38, 8, , 
2022/5/18, 39, 17, 33, 15, , 
2022/5/19, 34, 20, 43, 17, , 
2022/5/20, 41, 19, 46, 8, , 
2022/5/21, 45, 12, 40, 5, , 
2022/5/22, 30, 18, 37, 10, , 
2022/5/23, 41, 38, 34, 15, , 
2022/5/24, 63, 24, 36, 10, , 
2022/5/25, 52, 12, 36, 10, , 
2022/5/26, 25, 23, 40, 14, , 
2022/5/27, 43, 11, 26, 9, , 
2022/5/28, 31, 6, 25, 5, , 
2022/5/29, 21, 7, 24, 6, , 
2022/5/30, 24, 12, 16, 8, , 
2022/5/31, 40, 18, 33, 11, , 
2022/6/1, 51, 15, 39, 8, , 
2022/6/2, 37, 15, 33, 8, , 
2022/6/3, 43, , , , , 
2022/6/5, 40, 11, 35, 10, , 
2022/6/6, 31, 17, 38, 12, , 
2022/6/7, 46, 7, 22, 10, , 
2022/6/8, 20, 9, 27, 5, , 
2022/6/9, 28, 7, 35, 3, , 
2022/6/10, 18, 11, 41, 7, , 
2022/6/11, 29, 13, 41, 10, , 
2022/6/12, 39, 16, 35, 13, , 
2022/6/13, 47, 12, 39, 10, , 
2022/6/14, 31, 17, 39, 12, , 
2022/6/15, 45, 16, 38, 8, , 
2022/6/16, 50, 16, 40, 9, , 
2022/6/17, 46, 13, 41, 9, , 
2022/6/18, 35, 16, 39, 11, , 
2022/6/19, 46, 21, 42, 9, , 
2022/6/20, 48, 22, 44, 8, , 
2022/6/21, 53, 19, 46, 7, , 
2022/6/22, 52, 15, 52, 7, , 
2022/6/23, 41, 24, 43, 8, , 
2022/6/24, 56, 21, 54, 7, , 
2022/6/25, 51, 15, 58, 9, , 
2022/6/26, 42, 24, 47, 13, , 
2022/6/27, 52, 30, 76, 11, , 
2022/6/28, 67, 29, 70, 9, , 
2022/6/29, 58, 25, 75, 11, , 
2022/6/30, 59, 19, 79, 13, , 
2022/1/3, 87, 16, 5, 9, 3, 
2022/1/4, 58, 8, 24, 6, 2, 
2022/1/5, 27, 15, 23, 8, 2, 
2022/1/6, 51, 32, 23, 14, 3, 
2022/1/7, 98, 52, 11, 17, 3, 
2022/1/8, 143, 53, 8, 15, 4, 
2022/1/9, 150, 46, 18, 15, 4, 
2022/1/10, 134, 25, 21, 6, 2, 
2022/1/11, 80, 37, 19, 14, 3, 
2022/1/12, 104, 55, 14, 18, 4, 
2022/1/13, 144, 56, 10, 23, 4, 
2022/1/14, 138, 63, 12, 24, 6, 
2022/1/15, 152, 75, 12, 21, 7, 
2022/1/16, 174, 63, 11, 21, 6, 
2022/1/17, 156, 34, 17, 21, 5, 
2022/1/18, 90, 55, 14, 25, 5, 
2022/1/19, 139, 41, 14, 22, 4, 
2022/1/20, 120, 27, 21, 18, 3, 
2022/1/21, 76, 26, 19, 11, 2, 
2022/1/22, 82, 27, 17, 14, 2, 
2022/1/23, 88, 35, 19, 14, 2, 
2022/1/24, 101, 58, 15, 19, 5, 
2022/1/25, 150, 72, 6, 24, 6, 
2022/1/26, 167, 72, 12, 22, 7, 
2022/1/27, 166, 52, 23, 20, 5, 
2022/1/28, 126, 29, 22, 16, 3, 
2022/1/29, 81, 36, 25, 15, 3, 
2022/1/30, 97, 53, 5, 25, 4, 
2022/1/31, 142, 40, 19, 17, 4, 
2022/2/1, 109, 28, 19, 14, 3, 
2022/2/2, 80, 30, 8, 20, 3, 
2022/2/3, 91, , , , , 
2022/2/23, 87, 45, 20, 21, , 
2022/2/24, 109, 24, 24, 15, , 
2022/2/25, 70, 13, 27, 6, , 
2022/2/26, 48, 16, 25, 6, , 
2022/2/27, 59, 17, 27, 6, , 
2022/2/28, 59, 25, 27, 12, , 
2022/3/1, 74, 47, 20, 24, , 
2022/3/2, 120, 50, 27, 22, , 
2022/3/3, 126, 38, 31, 13, , 
2022/3/4, 100, 28, 27, 6, , 
2022/3/5, 85, 23, 29, 4, , 
2022/3/6, 67, 36, 26, 9, , 
2022/3/7, 100, 28, 28, 16, , 
2022/3/8, 73, 36, 30, 19, , 
2022/3/9, 91, 40, 28, 14, , 
2022/3/10, 101, 32, 30, 13, , 
2022/3/11, 82, 45, 34, 18, , 
2022/3/12, 111, 54, 36, 20, , 
2022/3/13, 126, 41, 35, 16, , 
2022/3/14, 101, 36, 32, 12, , 
2022/3/15, 87, 33, 36, 2, , 
2022/3/16, 75, 43, 40, 2, , 
2022/3/17, 97, 38, 19, 13, , 
2022/3/18, 94, 48, 35, 10, , 
2022/3/19, 123, 38, 36, 3, , 
2022/3/20, 94, 37, 36, 15, , 
2022/3/21, 86, 51, 43, 14, , 
2022/3/22, 121, , , , , 
2022/3/24, 112, 61, 41, 19, , 
2022/3/25, 127, 57, 46, 19, , 
2022/3/26, 124, 52, 40, 17, , 
2022/3/27, 111, 50, 40, 10, , 
2022/3/28, 108, 39, 42, 3, , 
2022/3/29, 81, 33, 32, 10, , 
2022/3/30, 77, 21, 14, 6, , 
2022/3/31, 69, 13, 12, 3, , 
2021/10/1, 67, 35, 11, 13, 1, 
2021/10/2, 91, 23, 28, 13, 1, 
2021/10/3, 66, 19, 34, 15, 1, 
2021/10/4, 53, 22, 27, 14, 1, 
2021/10/5, 61, 12, 22, 9, , 
2021/10/6, 38, 6, 21, 5, , 
2021/10/7, 25, 18, 19, 4, , 
2021/10/8, 58, 26, 19, 6, , 
2021/10/9, 69, 13, 22, 4, , 
2021/10/10, 48, 29, 22, 12, , 
2021/10/11, 85, 33, 13, 16, 1, 
2021/10/12, 92, 21, 19, 14, 1, 
2021/10/13, 64, 20, 24, 13, 1, 
2021/10/14, 60, 31, 23, 16, 1, 
2021/10/15, 87, 39, 20, 16, 2, 
2021/10/16, 107, 35, 27, 15, 2, 
2021/10/17, 101, 46, 19, 18, 2, 
2021/10/18, 120, 47, 20, 18, 3, 
2021/10/19, 125, 35, 35, 11, 2, 
2021/10/20, 99, 20, 34, 9, 1, 
2021/10/21, 44, 26, 11, 13, 1, 
2021/10/22, 80, 18, 19, 9, 1, 
2021/10/23, 58, 26, 26, 11, 1, 
2021/10/24, 79, 40, 21, 20, 3, 
2021/10/25, 107, 45, 15, 20, 3, 
2021/10/26, 123, 51, 16, 20, 3, 
2021/10/27, 135, 59, 17, 21, 6, 
2021/10/28, 149, 64, 21, 23, 4, 
2021/10/29, 160, 60, 8, 18, 3, 
2021/10/30, 153, 54, 9, 14, 2, 
2021/10/31, 142, 64, 8, 14, 4, 
2021/11/1, 158, 25, 13, 15, 2, 
2021/11/2, 77, 35, 8, 15, 2, 
2021/11/3, 98, 27, 2, 16, 2, 
2021/11/4, 72, 26, 1, 14, 2, 
2021/11/5, 74, 28, 1, 12, 2, 
2021/11/6, 84, 26, , 9, 1, 
2021/11/7, 79, 24, 1, 14, 2, 
2021/11/8, 77, 36, 1, 17, 2, 
2021/11/9, 94, 46, 1, 15, 3, 
2021/11/10, 121, 43, 1, 12, 2, 
2021/11/11, 117, 26, , 10, 2, 
2021/11/12, 81, 25, 1, 5, 1, 
2021/11/13, 80, , , , , 
2021/11/16, 132, 50, , 19, 3, 
2021/11/17, 132, 37, 1, 12, 2, 
2021/11/18, 105, 40, , 16, 3, 
2021/11/19, 110, 58, 1, 19, 4, 
2021/11/20, 142, 52, , 15, 4, 
2021/11/21, 136, 35, , 15, 3, 
2021/11/22, 105, 19, 1, 12, 2, 
2021/11/23, 63, 50, 1, 20, 4, 
2021/11/24, 135, 54, 2, 21, 4, 
2021/11/25, 141, 47, , 15, 5, 
2021/11/26, 127, 23, , 10, 2, 
2021/11/27, 76, 20, , 9, 2, 
2021/11/28, 68, 21, 3, 16, 2, 
2021/11/29, 68, 26, 2, 13, 2, 
2021/11/30, 79, 14, 3, 12, 2, 
2021/12/1, 38, 15, 6, 15, 2, 
2021/12/2, 50, 21, 2, 16, 2, 
2021/12/3, 63, 50, 1, 18, 4, 
2021/12/4, 132, 27, 1, 10, 3, 
2021/12/5, 87, 26, 1, 17, 2, 
2021/12/6, 79, 50, 1, 18, 4, 
2021/12/7, 136, 39, 1, 18, 3, 
2021/12/8, 106, 35, 2, 16, 3, 
2021/12/9, 106, 46, 1, 16, 4, 
2021/12/10, 134, 22, 3, 7, 2, 
2021/12/11, 76, 25, 1, 12, 2, 
2021/12/12, 82, 42, 1, 19, 3, 
2021/12/13, 123, 41, 2, 18, 3, 
2021/12/14, 117, 40, , 18, 4, 
2021/12/15, 116, 38, 1, 17, 4, 
2021/12/16, 111, 40, 1, 18, 4, 
2021/12/17, 111, 38, 1, 16, 3, 
2021/12/18, 111, 45, 1, 17, 3, 
2021/12/19, 127, 43, 1, 21, 4, 
2021/12/20, 114, 46, 1, 20, 4, 
2021/12/21, 123, 45, 2, 19, 3, 
2021/12/22, 115, 62, 1, 20, 5, 
2021/12/23, 159, 20, 2, 12, 3, 
2021/12/24, 68, 22, , 14, 3, 
2021/12/25, 76, 18, 2, 6, 2, 
2021/12/26, 61, 24, 1, 10, 2, 
2021/12/27, 79, 28, 1, 9, 2, 
2021/12/28, 86, 41, , 13, 3, 
2021/12/29, 114, 29, , 13, 3, 
2021/12/30, 89, 59, , 14, 5, 
2021/12/31, 144, 72, 1, 19, 7, 
2022/1/1, 172, 61, , 15, 6, 
2022/1/2, 156, 28, , 15, 4, 
2021/7/2, 33, 33, 41, 17, 1, 
2021/7/3, 48, 21, 41, 8, 1, 
2021/7/4, 43, 17, 32, 12, , 
2021/7/5, 50, 22, 35, 14, 1, 
2021/7/6, 55, 25, 33, 15, 1, 
2021/7/7, 46, 30, 44, 17, 2, 
2021/7/8, 54, 30, 39, 9, 1, 
2021/7/9, 40, 13, 41, 5, , 
2021/7/10, 18, 20, 44, 9, 1, 
2021/7/11, 44, 32, 39, 10, , 
2021/7/12, 55, 41, 39, 14, 1, 
2021/7/13, 57, 23, 28, 13, 1, 
2021/7/14, 47, 18, 38, 13, 1, 
2021/7/15, 31, 36, 39, 12, 1, 
2021/7/16, 48, 13, 36, 3, , 
2021/7/17, 43, 19, 39, 5, , 
2021/7/18, 56, 20, 27, 8, , 
2021/7/19, 40, 25, 35, 12, , 
2021/7/20, 53, 24, 42, 9, , 
2021/7/21, 54, 26, 45, 12, , 
2021/7/22, 57, 32, 46, 13, 1, 
2021/7/23, 65, , , , , 
2021/7/25, 65, 40, 33, 17, 1, 
2021/7/26, 75, 38, 35, 14, 1, 
2021/7/27, 63, 32, 40, 13, 1, 
2021/7/28, 55, 31, 46, 10, 1, 
2021/7/29, 49, 24, 47, 15, 1, 
2021/7/30, 52, 19, 50, 8, 1, 
2021/7/31, 42, 24, 39, 7, 1, 
2021/8/1, 39, 8, 37, 7, , 
2021/8/2, 21, 15, 42, 10, , 
2021/8/3, 32, 22, 37, 10, , 
2021/8/4, 39, 8, 27, 5, , 
2021/8/5, 28, 8, 32, 8, , 
2021/8/6, 23, 18, 34, 10, , 
2021/8/7, 34, 18, 39, 9, , 
2021/8/8, 35, 20, 41, 9, 1, 
2021/8/9, 28, 23, 46, 10, 1, 
2021/8/10, 44, 29, 40, 13, 1, 
2021/8/11, 46, 33, 41, 14, 1, 
2021/8/12, 56, 28, 40, 12, 1, 
2021/8/13, 46, 27, 50, 14, 1, 
2021/8/14, 53, 21, 46, 11, 1, 
2021/8/15, 53, 37, 41, 14, 1, 
2021/8/16, 64, 13, 26, 8, 1, 
2021/8/17, 27, 15, 37, 9, 1, 
2021/8/18, 30, 19, 39, 11, 1, 
2021/8/19, 37, 22, 39, 13, 1, 
2021/8/20, 37, 19, 44, 14, 1, 
2021/8/21, 42, 17, 42, 13, 1, 
2021/8/22, 45, 18, 28, 11, 1, 
2021/8/23, 30, 10, 31, 7, , 
2021/8/24, 27, 13, 29, 7, , 
2021/8/25, 38, 14, 31, 8, , 
2021/8/26, 40, 12, 30, 10, , 
2021/8/27, 22, 11, 26, 10, 1, 
2021/8/28, 39, 8, 16, 9, , 
2021/8/29, 28, 7, 26, 7, , 
2021/8/30, 20, 8, 31, 9, , 
2021/8/31, 22, 11, 31, 11, , 
2021/9/1, 28, 18, 32, 14, , 
2021/9/2, 51, 21, 36, 16, 1, 
2021/9/3, 53, 23, 40, 14, 1, 
2021/9/4, 60, 21, 40, 14, 1, 
2021/9/5, 58, 21, 38, 15, 1, 
2021/9/6, 53, 29, 39, 16, 1, 
2021/9/7, 67, 31, 39, 16, 1, 
2021/9/8, 66, 33, 40, 19, 3, 
2021/9/9, 66, 35, 45, 20, 2, 
2021/9/10, 73, 36, 55, 19, 2, 
2021/9/11, 86, 36, 51, 19, 1, 
2021/9/12, 85, 36, 48, 23, 1, 
2021/9/13, 79, 37, 41, 22, 1, 
2021/9/14, 85, 40, 45, 15, 1, 
2021/9/15, 79, 36, 36, 11, 1, 
2021/9/16, 77, 14, 16, 13, 1, 
2021/9/17, 46, 12, 24, 11, , 
2021/9/18, 38, 14, 28, 9, , 
2021/9/19, 45, 10, 23, 10, , 
2021/9/20, 38, 19, 29, 14, , 
2021/9/21, 56, 22, 27, 16, , 
2021/9/22, 63, 19, 25, 16, 1, 
2021/9/23, 56, 18, 32, 14, 1, 
2021/9/24, 52, 24, 40, 15, , 
2021/9/25, 69, 23, 37, 11, , 
2021/9/26, 57, 19, 32, 10, , 
2021/9/27, 54, 23, 28, 17, , 
2021/9/28, 62, 29, 29, 13, 1, 
2021/9/29, 70, 9, 25, 11, , 
2021/9/30, 29, 24, 20, 14, 1, 
2021/4/1, 105, 45, 39, 23, 2, 
2021/4/2, 90, 40, 41, 14, 1, 
2021/4/3, 64, 19, 29, 6, , 
2021/4/4, 42, 11, 32, 5, , 
2021/4/5, 66, 11, 29, 7, , 
2021/4/6, 41, 24, 28, 11, , 
2021/4/7, 76, 25, 34, 11, , 
2021/4/8, 75, 22, 40, 8, , 
2021/4/9, 60, 12, 40, 3, , 
2021/4/10, 35, 18, 39, 9, , 
2021/4/11, 55, 22, 27, 13, , 
2021/4/12, 68, 6, 27, 8, , 
2021/4/13, 25, 15, 29, 12, , 
2021/4/14, 50, 29, 30, 14, , 
2021/4/15, 85, 32, 34, 12, , 
2021/4/16, 91, 29, 25, 6, , 
2021/4/17, 87, 27, 27, 7, , 
2021/4/18, 88, 20, 23, 11, , 
2021/4/19, 70, 17, 28, 13, , 
2021/4/20, 61, 18, 38, 9, , 
2021/4/21, 59, 15, 42, 7, , 
2021/4/22, 52, 29, 37, 9, , 
2021/4/23, 73, 35, 43, 11, , 
2021/4/24, 89, 30, 46, 7, 1, 
2021/4/25, 81, 24, 32, 7, , 
2021/4/26, 72, 34, 24, 9, , 
2021/4/27, 102, 31, 24, 9, , 
2021/4/28, 94, 17, 29, 7, , 
2021/4/29, 55, 13, 30, 10, , 
2021/4/30, 42, 24, 35, 9, , 
2021/5/1, 66, 11, 33, 2, , 
2021/5/2, 31, 12, 33, 11, , 
2021/5/3, 42, 18, 38, 8, , 
2021/5/4, 50, 18, 38, 6, , 
2021/5/5, 42, 13, 27, 10, , 
2021/5/6, 41, 21, 22, 11, , 
2021/5/7, 63, 14, 39, 9, , 
2021/5/8, 47, 19, 40, 9, , 
2021/5/9, 56, 19, 36, 11, , 
2021/5/10, 50, 22, 37, 23, 1, 
2021/5/11, 44, 14, 26, 16, 1, 
2021/5/12, 35, 8, 23, 9, , 
2021/5/13, 26, 9, 31, 8, , 
2021/5/14, 28, , , , , 
2021/5/16, 27, 6, 24, 10, , 
2021/5/17, 24, 8, 27, 8, , 
2021/5/18, 24, 5, 22, 11, , 
2021/5/19, 22, 10, 35, 12, , 
2021/5/20, 34, 14, 34, 12, , 
2021/5/21, 35, 12, 38, 10, , 
2021/5/22, 27, 13, 35, 5, , 
2021/5/23, 41, 13, 18, 9, , 
2021/5/24, 51, 16, 28, 7, , 
2021/5/25, 49, 12, 37, 9, , 
2021/5/26, 32, 20, 38, 10, , 
2021/5/27, 46, 10, 32, 9, , 
2021/5/28, 28, 14, 32, 8, , 
2021/5/29, 47, 14, 31, 5, , 
2021/5/30, 52, 13, 35, 8, , 
2021/5/31, 44, 20, 39, 11, , 
2021/6/1, 51, 27, 44, 14, , 
2021/6/2, 62, 21, 46, 8, , 
2021/6/3, 57, 31, 43, 10, , 
2021/6/4, 67, 32, 48, 9, 1, 
2021/6/5, 73, 20, 30, 6, , 
2021/6/6, 62, 26, 38, 11, , 
2021/6/7, 77, 30, 44, 16, , 
2021/6/8, 76, 31, 44, 18, , 
2021/6/9, 80, 22, 39, 12, , 
2021/6/10, 62, 18, 33, 18, , 
2021/6/11, 52, 16, 38, 10, , 
2021/6/12, 47, 16, 31, 5, , 
2021/6/13, 44, 15, 32, 6, , 
2021/6/14, 32, 25, 42, 19, 1, 
2021/6/15, 53, 28, 49, 17, 2, 
2021/6/16, 60, 43, 43, 18, 1, 
2021/6/17, 62, 55, 35, 19, 1, 
2021/6/18, 71, 37, 47, 13, 1, 
2021/6/19, 68, 32, 37, 12, 1, 
2021/6/20, 75, 58, 32, 9, 1, 
2021/6/21, 85, 50, 36, 6, 1, 
2021/6/22, 71, 47, 18, 12, 1, 
2021/6/23, 70, 76, 26, 12, 1, 
2021/6/24, 96, 54, 39, 11, 1, 
2021/6/25, 57, 21, 44, 7, 1, 
2021/6/26, 27, 18, 46, 9, 1, 
2021/6/27, 34, 34, 45, 15, 1, 
2021/6/28, 49, 61, 34, 17, 1, 
2021/6/29, 66, 51, 25, 9, 1, 
2021/6/30, 69, , , , , 
2021/3/8, 104, 55, 30, 16, 2, 
2021/3/9, 83, 29, 29, 8, 1, 
2021/3/10, 106, 46, 30, 17, 1, 
2021/3/11, 119, 49, 34, 14, 2, 
2021/3/12, 81, 29, 28, 17, 1, 
2021/3/13, 61, 18, 34, 6, 1, 
2021/3/14, 54, 16, 28, 9, 1, 
2021/3/15, 41, 14, 26, 15, , 
2021/3/16, 62, 23, 27, 14, 1, 
2021/3/17, 48, 15, 27, 13, 1, 
2021/3/18, 57, 17, 29, 10, , 
2021/3/19, 90, 33, 28, 20, 1, 
2021/3/20, 102, 34, 30, 10, 1, 
2021/3/21, 63, 17, 35, 3, , 
2021/3/22, 41, 13, 32, 6, , 
2021/3/23, 55, 18, 32, 8, , 
2021/3/24, 68, 24, 31, 10, , 
2021/3/25, 108, 43, 33, 18, 1, 
2021/3/26, 124, 52, 35, 23, 2, 
2021/3/27, 67, 24, 39, 7, , 
2021/3/28, 56, 19, 31, 13, , 
2021/3/29, 109, 44, 34, 19, 1, 
2021/3/30, 101, 47, 35, 26, 1, 
2021/3/31, 115, 52, 38, 23, 2, 
2024/9/7, , 22, 32, 11, , 
2023/12/31, , 17, 25, 7, , 
2023/7/29, , 8, 33, 7, , 
2023/8/6, , 3, 21, 8, , 
2023/4/15, , 7, , , , 
2023/5/27, , 16, 41, 8, , 
2023/1/31, , 41, 16, 24, , 
2022/10/15, , 41, 11, 12, , 
2022/6/4, , 15, 37, 8, , 
2022/2/22, , 38, 10, 27, , 
2022/3/23, , 54, 38, 21, , 
2021/11/15, , 51, , 14, 1, 
2021/7/1, , 30, 27, 17, 1, 
2021/7/24, , 28, 39, 13, 1, 
2021/5/15, , 8, 25, 7, , 
2021/1/4, , 40, 10, 15, 2, 
2021/1/5, , 33, 16, 10, 1, 
2021/1/6, , 21, 19, 7, 1, 
2021/1/7, , 34, 8, 14, 1, 
2021/1/8, , 30, 15, 11, 1, 
2021/1/9, , 25, 19, 8, 1, 
2021/1/10, , 32, 14, 7, 1, 
2021/1/11, , 32, 11, 13, 1, 
2021/1/12, , 48, 13, 16, 2, 
2021/1/13, , 55, 10, 21, 2, 
2021/1/14, , 47, 8, 21, 2, 
2021/1/15, , 58, 9, 22, 3, 
2021/1/16, , 43, 14, 17, 3, 
2021/1/17, , 43, 13, 11, 2, 
2021/1/18, , 45, 17, 17, 2, 
2021/1/19, , 57, 22, 19, 3, 
2021/1/20, , 22, 29, 12, 1, 
2021/1/21, , 16, 24, 18, 1, 
2021/1/22, , 23, 22, 15, 1, 
2021/1/23, , 18, 26, 14, 1, 
2021/1/24, , 11, 24, 6, 1, 
2021/1/25, , 22, 18, 16, 1, 
2021/1/26, , 40, 12, 16, 1, 
2021/1/27, , 45, 15, 19, 2, 
2021/1/28, , 51, 13, 18, 3, 
2021/1/29, , 36, 19, 21, 2, 
2021/1/30, , 42, 7, 16, 2, 
2021/1/31, , 23, 17, 7, 2, 
2021/2/1, , 41, 20, 19, 2, 
2021/2/2, , 51, 10, 18, 2, 
2021/2/3, , 27, 25, 13, 2, 
2021/2/4, , 18, 23, 15, 1, 
2021/2/5, , 24, 21, 12, 1, 
2021/2/6, , 30, 25, 10, 1, 
2021/2/7, , 59, 13, 12, 1, 
2021/2/8, , 29, 12, 13, 1, 
2021/2/9, , 25, 13, 11, 1, 
2021/2/10, , 30, 12, 10, 1, 
2021/2/11, , 40, 19, 13, 1, 
2021/2/12, , 35, 28, 12, 1, 
2021/2/13, , 26, 29, 6, 1, 
2021/2/14, , 22, 30, 8, 1, 
2021/2/15, , 49, 26, 19, 2, 
2021/2/16, , 66, 21, 21, 3, 
2021/2/17, , 53, 10, 22, 2, 
2021/2/18, , 47, 4, 22, 3, 
2021/2/19, , 47, 23, 17, 3, 
2021/2/20, , 42, 28, 12, 1, 
2021/2/21, , 42, 27, 8, 1, 
2021/2/22, , 23, 31, 9, 1, 
2021/2/23, , 49, 24, 22, 1, 
2021/2/24, , 72, 21, 26, 3, 
2021/2/25, , 87, 25, 33, 5, 
2021/2/26, , 92, 22, 33, 4, 
2021/2/27, , 39, 29, 12, 2, 
2021/2/28, , 29, 31, 10, 1, 
2021/3/1, , 52, 26, 21, 2, 
2021/3/2, , 59, 27, 22, 2, 
2021/3/3, , 63, 29, 24, 3, 
2021/3/4, , 46, 35, 16, 2, 
2021/3/5, , 33, 33, 10, 1, 
2021/3/6, , 20, 32, 8, 1, 
2021/3/7, , 56, 33, 18, 3, 
2020/10/1, , 15, 20, 12, , 
2020/10/2, , 15, 22, 7, , 
2020/10/3, , 20, 26, 7, , 
2020/10/4, , 9, 23, 13, , 
2020/10/5, , 12, 22, 8, , 
2020/10/6, , 10, 13, 11, , 
2020/10/7, , 9, 17, 19, , 
2020/10/8, , 12, 13, 25, , 
2020/10/9, , 19, 17, 13, , 
2020/10/10, , 21, 22, 4, , 
2020/10/11, , 9, 12, 11, , 
2020/10/12, , 9, 8, 13, , 
2020/10/13, , 13, 24, 9, , 
2020/10/14, , 11, 15, 8, , 
2020/10/15, , 12, 8, 14, , 
2020/10/16, , 11, 17, 7, , 
2020/10/17, , 12, 19, 14, , 
2020/10/18, , 21, 12, 28, 1, 
2020/10/19, , 29, 10, 35, 1, 
2020/10/20, , 38, 28, 12, , 
2020/10/21, , 18, 28, 10, , 
2020/10/22, , 15, 28, 9, , 
2020/10/23, , 15, , , , 
2020/10/25, , 11, 16, 11, , 
2020/10/26, , 14, 11, 13, 1, 
2020/11/3, , 54, 19, 44, 2, 
2020/11/4, , 37, 17, 6, , 
2020/11/5, , 22, 16, 17, , 
2020/11/6, , 32, 9, 39, 2, 
2020/11/7, , 54, 5, 19, 2, 
2020/11/8, , 55, 10, 7, 2, 
2020/11/9, , 31, 8, 8, 4, 
2020/11/10, , 37, 10, , 2, 
2020/11/11, , 36, 8, 15, 1, 
2020/11/12, , 39, 9, 6, 1, 
2020/11/13, , 26, 7, 6, , 
2020/11/14, , 20, 5, 7, , 
2020/11/15, , 29, 3, 9, 1, 
2020/11/16, , 24, 4, 19, 1, 
2020/11/17, , 33, 6, 10, 1, 
2020/11/18, , 36, 8, 10, 1, 
2020/11/19, , 20, 23, 8, , 
2020/11/20, , 15, 25, 10, , 
2020/11/21, , 21, 16, 18, 2, 
2020/11/22, , 51, 10, 23, 4, 
2020/11/23, , 76, 11, 22, 4, 
2020/11/24, , 64, 13, 10, 2, 
2020/11/25, , 42, 12, 8, 1, 
2020/11/26, , 31, 7, 10, 1, 
2020/11/27, , 20, 6, 7, 1, 
2020/11/28, , 22, 15, 11, 1, 
2020/11/29, , 38, 7, 23, 4, 
2020/11/30, , 63, 10, 14, 4, 
2020/12/1, , 64, 12, 8, 3, 
2020/12/2, , 38, 8, 14, 2, 
2020/12/3, , 42, 6, 12, 2, 
2020/12/4, , 42, 3, 13, 3, 
2020/12/5, , 57, 11, 10, 3, 
2020/12/6, , 47, 11, 17, 2, 
2020/12/7, , 33, 7, 12, 2, 
2020/12/8, , 38, 9, 6, 3, 
2020/12/9, , 16, 5, 11, 1, 
2020/12/10, , 18, 5, 10, 1, 
2020/12/11, , 36, 6, 7, 2, 
2020/12/12, , 30, 11, 7, 3, 
2020/12/13, , 26, 11, 15, 2, 
2020/12/14, , 38, 13, 12, 5, 
2020/12/15, , 45, 8, 9, 2, 
2020/12/16, , 37, 3, 11, 1, 
2020/12/17, , 35, 6, 12, 1, 
2020/12/18, , 31, 7, 6, 1, 
2020/12/19, , 17, 3, 7, 2, 
2020/12/20, , 40, 1, 9, 3, 
2020/12/21, , 49, 3, 12, 2, 
2020/12/22, , 43, 11, 13, 2, 
2020/12/23, , 32, 21, 7, 1, 
2020/12/24, , 10, 21, 4, 1, 
2020/12/25, , 10, 23, 2, , 
2020/12/26, , 9, , , , 
2020/12/30, , 40, 14, 16, 1, 
2020/12/31, , 26, 12, 13, 2, 
2021/1/1, , 54, 13, 14, 3, 
2021/1/2, , 36, 12, 12, 2, 
2021/1/3, , 32, , , , 
2020/7/1, , 15, 36, 10, , 
2020/7/2, , 14, 38, 6, , 
2020/7/3, , 7, 23, 7, , 
2020/7/4, , 10, 36, 9, , 
2020/7/5, , 12, 43, 6, , 
2020/7/6, , 16, 31, 5, , 
2020/7/7, , 7, 33, 10, , 
2020/7/8, , 10, 36, 10, , 
2020/7/9, , 16, 40, 11, 2, 
2020/7/10, , 25, 47, 5, , 
2020/7/11, , 16, 30, 4, , 
2020/7/12, , 5, 33, 8, , 
2020/7/13, , 10, 35, 6, , 
2020/7/14, , 13, 35, 9, 1, 
2020/7/15, , 16, 42, 6, , 
2020/7/16, , 16, 29, 5, , 
2020/7/17, , 6, 26, 5, , 
2020/7/18, , 6, 35, 4, , 
2020/7/19, , 6, 38, 6, , 
2020/7/20, , 9, 35, 8, , 
2020/7/21, , 14, 44, 5, , 
2020/7/22, , 10, 39, 5, , 
2020/7/23, , 12, 37, 7, , 
2020/7/24, , 17, 27, 4, , 
2020/7/25, , 8, 36, 5, , 
2020/7/26, , 12, 35, 9, , 
2020/7/27, , 11, 37, 10, , 
2020/7/28, , 13, 44, 7, , 
2020/7/29, , 18, 48, 5, , 
2020/7/30, , 18, 65, 8, , 
2020/7/31, , 24, 51, 4, , 
2020/8/1, , 18, 40, 4, , 
2020/8/2, , 17, 35, 5, , 
2020/8/3, , 16, 27, 4, , 
2020/8/4, , 6, 21, 3, , 
2020/8/5, , 4, 27, 4, , 
2020/8/6, , 12, 39, 6, , 
2020/8/7, , 21, 43, 6, , 
2020/8/8, , 26, 49, 5, , 
2020/8/9, , 23, 51, 6, , 
2020/8/10, , 26, 44, 6, , 
2020/8/11, , 26, 42, 5, , 
2020/8/12, , 18, 34, 7, , 
2020/8/13, , 19, 41, 4, , 
2020/8/14, , 14, 34, 4, , 
2020/8/15, , 10, 41, 5, , 
2020/8/16, , 14, 31, 9, , 
2020/8/17, , 16, 26, 7, , 
2020/8/18, , 11, 28, 7, , 
2020/8/19, , 9, 34, 11, , 
2020/8/20, , 12, 28, 8, , 
2020/8/21, , 12, 40, 6, , 
2020/8/22, , 18, 31, 3, , 
2020/8/23, , 9, 28, 5, , 
2020/8/24, , 10, 35, 6, , 
2020/8/25, , 11, 28, 8, , 
2020/8/26, , 13, 35, 6, , 
2020/8/27, , 17, 40, 8, , 
2020/8/28, , 21, 38, 5, , 
2020/8/29, , 21, 27, 5, , 
2020/8/30, , 17, 25, 10, , 
2020/8/31, , 14, 24, 6, , 
2020/9/1, , 5, 27, 8, , 
2020/9/2, , 9, 26, 17, , 
2020/9/3, , 13, 32, 15, , 
2020/9/4, , 15, 29, 10, 1, 
2020/9/5, , 13, 33, 9, , 
2020/9/6, , 14, 32, 6, , 
2020/9/7, , 12, 33, 9, , 
2020/9/8, , 14, 32, 21, , 
2020/9/9, , 22, 40, 12, 1, 
2020/9/10, , 23, 40, 11, 1, 
2020/9/11, , 22, 43, 7, , 
2020/9/12, , 26, 43, 7, , 
2020/9/13, , 27, 38, 13, , 
2020/9/14, , 26, 40, 12, , 
2020/9/15, , 30, 38, 13, 1, 
2020/9/16, , 37, 41, 13, , 
2020/9/17, , 35, 25, 10, , 
2020/9/18, , 16, 30, 11, , 
2020/9/19, , 17, 34, 14, 1, 
2020/9/20, , 22, 33, 18, 2, 
2020/9/21, , 35, 27, 14, 1, 
2020/9/22, , 30, 23, 9, , 
2020/9/23, , 8, 27, 9, , 
2020/9/24, , 8, 28, 7, , 
2020/9/25, , 9, , , , 
2020/9/27, , 7, 16, 15, , 
2020/9/28, , 11, 19, 14, , 
2020/9/29, , 12, 19, 14, , 
2020/9/30, , 13, 25, 15, , 
2020/4/16, , 19, 44, 7, , 
2020/4/17, , 16, 57, 9, , 
2020/4/18, , 22, 68, 6, , 
2020/4/19, , 21, 68, 3, , 
2020/4/20, , 14, 44, 1, , 
2020/4/21, , 15, 43, 1, , 
2020/4/22, , 21, 44, 4, , 
2020/4/23, , 30, 51, 8, , 
2020/4/24, , 29, 53, 13, , 
2020/4/25, , 27, 66, 2, , 
2020/4/26, , 15, 47, 3, , 
2020/4/27, , 19, 48, 5, , 
2020/4/28, , 16, 44, 4, , 
2020/4/29, , 10, 35, 5, , 
2020/4/30, , 8, 39, 5, , 
2020/5/1, , 7, 39, 3, , 
2020/5/2, , 8, 40, 2, , 
2020/5/3, , 7, 44, 4, , 
2020/5/4, , 10, 42, 7, , 
2020/5/5, , 12, 41, 6, , 
2020/5/6, , 10, 45, 6, , 
2020/5/7, , 14, 51, 10, , 
2020/5/8, , 16, 47, 10, , 
2020/5/9, , 12, 59, 3, , 
2020/5/10, , 12, 53, 2, , 
2020/5/11, , 15, 44, 4, , 
2020/5/12, , 7, 36, 3, , 
2020/5/13, , 13, 30, 6, , 
2020/5/14, , 19, 46, 4, , 
2020/5/15, , 16, 43, 3, , 
2020/5/16, , 16, 43, 5, , 
2020/5/17, , 19, 40, 4, , 
2020/5/18, , 16, 50, 7, , 
2020/5/19, , 18, 48, 10, , 
2020/5/20, , 14, 36, 8, , 
2020/5/21, , 14, 49, 6, , 
2020/5/22, , 16, 44, 12, , 
2020/5/23, , 17, 46, 7, , 
2020/5/24, , 6, 43, 3, , 
2020/5/25, , 10, 37, 5, , 
2020/5/26, , 7, 40, 2, , 
2020/5/27, , 9, 42, 5, , 
2020/5/28, , 12, 46, 7, , 
2020/5/29, , 11, 42, 4, , 
2020/5/30, , 10, 43, 2, , 
2020/5/31, , 11, 38, 3, , 
2020/6/1, , 13, 39, 8, , 
2020/6/2, , 14, 45, 7, , 
2020/6/3, , 11, 38, 5, , 
2020/6/4, , 11, 41, 6, , 
2020/6/5, , 9, 31, 8, , 
2020/6/6, , 9, 40, 5, , 
2020/6/7, , 9, 35, 4, , 
2020/6/8, , 8, 41, 3, , 
2020/6/9, , 8, 27, 4, , 
2020/6/10, , 8, 26, , , 
2020/6/11, , 7, 34, , , 
2020/6/12, , 6, 37, , , 
2020/6/13, , 11, 42, , , 
2020/6/14, , 11, 36, , , 
2020/6/15, , 5, 25, , , 
2020/6/16, , 8, 31, 5, , 
2020/6/17, , 12, 26, 8, , 
2020/6/18, , 11, 36, 7, , 
2020/6/19, , 10, 30, 6, , 
2020/6/20, , 6, 26, 5, , 
2020/6/21, , 7, 24, 5, , 
2020/6/22, , 8, 37, 4, , 
2020/6/23, , 13, 38, 4, , 
2020/6/24, , 15, 40, 7, , 
2020/6/25, , 14, 37, 6, , 
2020/6/26, , 12, 32, 6, , 
2020/6/27, , 13, 42, 4, , 
2020/6/28, , 16, 59, 4, , 
2020/6/29, , 16, 38, 5, , 
2020/6/30, , 8, 29, 7, , 
2020/1/1, , 99, 14, 18, 3, 
2020/1/2, , 62, 12, 23, 5, 
2020/1/3, , 97, , , , 
2020/1/5, , 16, 21, 17, 1, 
2020/1/6, , 34, 15, 25, 4, 
2020/1/7, , 81, 13, 23, 4, 
2020/1/8, , 71, 12, 27, 5, 
2020/1/9, , 85, 20, 24, 4, 
2020/1/10, , 71, 6, 28, 4, 
2020/1/11, , 80, 17, 25, 5, 
2020/1/12, , 74, 7, 18, 4, 
2020/1/13, , 74, 8, 6, 2, 
2020/1/14, , 38, 6, 28, 3, 
2020/1/15, , 47, 6, 20, 5, 
2020/1/16, , 70, 11, 10, 3, 
2020/1/17, , 35, 13, 6, 1, 
2020/1/18, , 24, 9, 10, 2, 
2020/1/19, , 36, 10, 16, 2, 
2020/1/20, , 34, 14, 18, 3, 
2020/1/22, , 62, 12, 15, 2, 
2020/1/23, , 55, 20, 9, 1, 
2020/1/24, , 38, 10, 12, 1, 
2020/1/25, , 51, 11, 7, 1, 
2020/1/26, , 53, 14, 8, 1, 
2020/1/27, , 46, 34, 8, 1, 
2020/1/28, , 19, 29, 14, 1, 
2020/1/29, , 19, 25, 17, 1, 
2020/1/30, , 41, 32, 7, , 
2020/1/31, , 17, 30, 4, , 
2020/2/1, , 12, 30, 4, , 
2020/2/2, , 11, 27, 11, , 
2020/2/3, , 24, 30, 16, , 
2020/2/4, , 28, 35, 3, , 
2020/2/5, , 10, 31, 15, , 
2020/2/6, , 18, 19, 23, 1, 
2020/2/7, , 46, 28, 19, 2, 
2020/2/8, , 51, 38, 13, 1, 
2020/2/9, , 46, 39, 5, , 
2020/2/10, , 13, 25, 13, , 
2020/2/11, , 21, 33, 15, 1, 
2020/2/12, , 14, 39, 19, 1, 
2020/2/13, , 46, 33, 12, , 
2020/2/14, , 19, 27, 18, 1, 
2020/2/15, , 43, 34, 15, 2, 
2020/2/16, , 40, 37, 6, , 
2020/2/17, , 12, 32, 16, , 
2020/2/18, , 23, 32, 13, 1, 
2020/2/19, , 27, 31, 15, , 
2020/2/20, , 16, 33, 15, 1, 
2020/2/21, , 27, 31, 20, 1, 
2020/2/22, , 30, 38, 10, 1, 
2020/2/23, , 31, 38, 13, , 
2020/2/24, , 30, 31, 15, 1, 
2020/2/25, , 42, 33, 8, , 
2020/2/26, , 12, 37, 5, , 
2020/2/27, , 11, 36, 11, , 
2020/2/28, , 10, 39, 13, 1, 
2020/2/29, , 28, 37, 11, , 
2020/3/1, , 21, 34, 9, , 
2020/3/2, , 15, 27, 12, , 
2020/3/3, , 11, 30, 10, , 
2020/3/4, , 12, 35, 13, , 
2020/3/5, , 18, 34, 8, , 
2020/3/6, , 18, , 10, , 
2020/3/7, , 29, , 8, , 
2020/3/8, , 20, 34, 17, 1, 
2020/3/9, , 39, 34, 11, , 
2020/3/10, , 21, 39, 15, , 
2020/3/11, , 23, 45, 6, , 
2020/3/12, , 16, 38, 7, , 
2020/3/13, , 24, 38, 6, , 
2020/3/14, , 17, 39, 5, , 
2020/3/15, , 13, 40, 16, 3, 
2020/3/16, , 42, 43, 14, 1, 
2020/3/17, , 40, 41, 16, 1, 
2020/3/18, , 36, 46, 16, 1, 
2020/3/19, , 46, 42, 16, 1, 
2020/3/20, , 42, 46, 1, , 
2020/3/21, , 24, 39, , , 
2020/3/22, , 14, 37, 1, , 
2020/3/23, , 18, 37, 1, , 
2020/3/24, , 20, 36, 1, , 
2020/3/25, , 20, 35, 1, , 
2020/3/26, , 30, 36, 4, 1, 
2020/3/27, , 139, 45, 10, 1, 
2020/3/28, , 90, 27, 12, 1, 
2020/3/29, , 76, , , , 
2019/10/1, , 15, 26, 9, , 
2019/10/2, , 14, 26, 6, , 
2019/10/3, , 10, 23, 11, , 
2019/10/4, , 15, 5, 17, , 
2019/10/5, , 30, , , , 
2019/10/7, , 16, 27, 10, , 
2019/10/8, , 22, 31, 10, , 
2019/10/9, , 21, 22, 8, , 
2019/10/10, , 8, 19, 9, , 
2019/10/11, , 12, 23, 3, , 
2019/10/12, , 9, , , , 
2019/10/14, , 28, 28, 12, , 
2019/10/15, , 22, 14, 14, , 
2019/10/16, , 26, 23, 12, , 
2019/10/17, , 22, 29, 12, , 
2019/10/18, , 16, 35, 8, , 
2019/10/19, , 15, 34, 10, , 
2019/10/20, , 19, 31, 11, , 
2019/10/21, , 22, 23, 16, , 
2019/10/22, , 29, 21, 18, 1, 
2019/10/23, , 42, 14, 16, 1, 
2019/10/24, , 35, 24, 14, 1, 
2019/10/25, , 32, , , , 
2019/10/27, , 38, 22, 10, 1, 
2019/10/28, , 33, 19, 5, , 
2019/10/29, , 8, 17, 6, , 
2019/10/30, , 15, 17, 8, , 
2019/10/31, , 30, 25, 7, , 
2019/12/6, , 46, 8, 10, 1, 
2019/12/7, , 44, 9, 9, 1, 
2019/12/8, , 26, 30, 14, 1, 
2019/12/9, , 37, 29, 10, , 
2019/12/10, , 13, 16, 23, 2, 
2019/12/11, , 47, 5, 18, 2, 
2019/12/12, , 60, 19, 9, 1, 
2019/12/13, , 39, 26, 12, 1, 
2019/12/14, , 18, 14, 15, 2, 
2019/12/15, , 55, 20, 20, 2, 
2019/12/16, , 44, 27, 13, , 
2019/12/17, , 26, 27, 16, , 
2019/12/18, , 26, 13, 18, 3, 
2019/12/19, , 59, 14, 18, 2, 
2019/12/20, , 46, 31, 13, , 
2019/12/21, , 28, 27, 8, , 
2019/12/22, , 12, 23, 16, , 
2019/12/23, , 16, 12, 19, 1, 
2019/12/24, , 38, 21, 11, 1, 
2019/12/25, , 45, 18, 12, 1, 
2019/12/26, , 36, 12, 15, 2, 
2019/12/27, , 53, 27, 5, , 
2019/12/28, , 14, , , , 
2019/7/1, , 17, 57, , 1, 
2019/7/2, , 18, 58, , 1, 
2019/7/3, , 13, 43, , 1, 
2019/7/4, , 11, 46, , 1, 
2019/7/5, , 17, 57, , 1, 
2019/7/6, , 24, 53, , 1, 
2019/7/7, , 12, 40, , 1, 
2019/7/8, , 12, 30, , 1, 
2019/7/9, , 12, 39, , 1, 
2019/7/10, , 12, 39, , 1, 
2019/7/11, , 13, 38, , 1, 
2019/7/12, , 14, 30, , 1, 
2019/7/13, , 9, 38, , 1, 
2019/7/14, , 8, 40, , 1, 
2019/7/15, , 10, 44, , 1, 
2019/7/16, , 15, 47, , 1, 
2019/7/17, , 18, 47, , 1, 
2019/7/18, , 17, 47, , 1, 
2019/7/19, , 16, 49, , 1, 
2019/7/20, , 14, 61, , 1, 
2019/7/21, , 15, 55, , 1, 
2019/7/22, , 14, 51, , 1, 
2019/7/23, , 18, 69, , 1, 
2019/7/24, , 22, 43, , 2, 
2019/7/25, , 49, 31, , 2, 
2019/7/26, , 22, 43, 13, 1, 
2019/7/27, , 13, 34, , 1, 
2019/7/28, , 9, 40, , 1, 
2019/7/29, , 13, 47, , , 
2019/7/30, , 17, 46, , , 
2019/7/31, , 19, 50, , , 
2019/8/1, , 10, 34, , , 
2019/8/2, , 13, , , , 
2019/8/6, , 15, 45, , , 
2019/8/7, , 16, 38, , , 
2019/8/8, , 14, 42, , , 
2019/8/9, , 13, 40, , , 
2019/8/10, , 19, 43, , , 
2019/8/11, , 12, 41, , , 
2019/8/12, , 16, 39, , , 
2019/8/13, , 10, 32, , , 
2019/8/14, , 10, 26, , , 
2019/8/15, , 13, 31, , , 
2019/8/16, , 11, 37, , , 
2019/8/17, , 11, 43, , , 
2019/8/18, , 12, 49, , , 
2019/8/19, , 15, 59, , , 
2019/8/20, , 24, 40, , , 
2019/8/21, , 20, 32, , , 
2019/8/22, , 13, 40, , , 
2019/8/23, , 18, 47, , , 
2019/8/24, , 23, 47, , , 
2019/8/25, , 15, 48, , , 
2019/8/26, , 27, 54, , , 
2019/8/27, , 30, 56, , 1, 
2019/8/28, , 41, 53, , , 
2019/8/29, , 46, 54, , , 
2019/8/30, , 32, 64, , , 
2019/8/31, , 30, 56, , 1, 
2019/9/1, , 34, 7, , 1, 
2019/9/2, , 39, 33, , , 
2019/9/3, , 13, 43, , , 
2019/9/4, , 17, 44, , , 
2019/9/5, , 20, 27, , , 
2019/9/6, , 15, 26, , , 
2019/9/7, , 16, 27, , , 
2019/9/8, , 10, 31, , , 
2019/9/9, , 7, 36, , , 
2019/9/10, , 8, 34, , , 
2019/9/11, , 16, 38, , , 
2019/9/12, , 24, 38, , , 
2019/9/13, , 19, 32, , , 
2019/9/14, , 20, 25, , , 
2019/9/15, , 14, 31, , , 
2019/9/16, , 21, 36, , , 
2019/9/17, , 23, 24, , , 
2019/9/18, , 13, 33, , , 
2019/9/19, , 13, 31, , , 
2019/9/20, , 12, 38, , , 
2019/9/21, , 16, 20, , , 
2019/9/22, , 16, 34, , , 
2019/9/23, , 15, 25, , , 
2019/9/24, , 16, 16, , , 
2019/9/25, , 17, 30, , , 
2019/9/26, , 8, 20, , , 
2019/9/27, , 13, 28, , , 
2019/9/28, , 10, 28, , , 
2019/9/29, , 10, 35, , , 
2019/9/30, , 13, 27, 11, , 
2019/4/1, , 32, 40, 12, 2, 
2019/4/2, , 31, 48, 20, 2, 
2019/4/3, , 38, 39, 10, 2, 
2019/4/4, , 22, 35, 12, 1, 
2019/4/5, , 14, 39, 10, 1, 
2019/4/6, , 16, 29, 12, 1, 
2019/4/7, , 22, 35, 12, 1, 
2019/4/8, , 22, 41, 15, 1, 
2019/4/9, , 23, 31, 14, 1, 
2019/4/10, , 34, 23, 9, 1, 
2019/4/11, , 20, 25, 11, 1, 
2019/4/12, , 23, 30, 6, 1, 
2019/4/13, , 24, 27, 5, 1, 
2019/4/14, , 21, 42, 12, 1, 
2019/4/15, , 25, 49, 20, 1, 
2019/4/16, , 35, 45, 19, 2, 
2019/4/17, , 34, 16, 18, 1, 
2019/4/18, , 29, , , , 
2019/4/23, , 24, 35, 7, 1, 
2019/4/24, , 31, 39, 10, 1, 
2019/4/25, , 37, 36, 11, 1, 
2019/4/26, , 42, 36, 7, 1, 
2019/4/27, , 12, 34, 8, 1, 
2019/4/28, , 15, 34, 6, 1, 
2019/4/29, , 10, 22, 7, 1, 
2019/4/30, , 10, 44, 7, 1, 
2019/5/1, , 16, 45, 15, 1, 
2019/5/2, , 15, 42, 11, , 
2019/5/3, , 11, 34, 5, , 
2019/5/4, , 8, 33, 1, , 
2019/5/5, , 5, 35, 5, , 
2019/5/6, , 8, 33, 9, 1, 
2019/5/7, , 14, 41, 8, 1, 
2019/5/8, , 17, 36, 13, 1, 
2019/5/9, , 12, 33, 9, 1, 
2019/5/10, , 10, 38, 10, 1, 
2019/5/11, , 12, 34, 2, , 
2019/5/12, , 10, 35, 2, , 
2019/5/13, , 7, 36, 4, , 
2019/5/14, , 10, 22, 9, 1, 
2019/5/15, , 9, 16, 9, 1, 
2019/5/16, , 13, 26, 10, 1, 
2019/5/17, , 20, 35, 9, 6, 
2019/5/18, , 32, 33, 6, 1, 
2019/5/19, , 20, 36, 5, 1, 
2019/5/20, , 8, 31, 9, 1, 
2019/5/21, , 8, 34, 6, 1, 
2019/5/22, , 10, 41, , 1, 
2019/5/23, , 18, 47, , 1, 
2019/5/24, , 14, 46, , 1, 
2019/5/25, , 16, 46, , 1, 
2019/5/26, , 15, 31, , 1, 
2019/5/27, , 11, 31, , 1, 
2019/5/28, , 13, 27, , , 
2019/5/29, , 7, 30, , , 
2019/5/30, , 8, 36, , 1, 
2019/5/31, , 14, 45, , 1, 
2019/6/1, , 15, 39, , 1, 
2019/6/2, , 15, 41, , 1, 
2019/6/3, , 17, 43, , 1, 
2019/6/4, , 18, 40, , 1, 
2019/6/5, , 18, 38, 13, 1, 
2019/6/6, , 14, 41, , 1, 
2019/6/7, , 16, 45, , 1, 
2019/6/8, , 18, 49, , 1, 
2019/6/9, , 19, 49, , 4, 
2019/6/10, , 25, 48, , 2, 
2019/6/11, , 31, 46, , 3, 
2019/6/12, , 23, 43, , 2, 
2019/6/13, , 27, 75, , 1, 
2019/6/14, , 19, 45, , 1, 
2019/6/15, , 25, 50, , 1, 
2019/6/16, , 28, 40, , 1, 
2019/6/17, , 15, 42, , 1, 
2019/6/18, , 15, 39, , 1, 
2019/6/19, , 17, 53, , 1, 
2019/6/20, , 18, 62, , 1, 
2019/6/21, , 18, 41, , 1, 
2019/6/22, , 14, 39, , , 
2019/6/23, , 7, 44, , , 
2019/6/24, , 11, 47, , 1, 
2019/6/25, , 15, 51, , 1, 
2019/6/26, , 21, 42, , 1, 
2019/6/27, , 22, 53, , 1, 
2019/6/28, , 17, 52, , 1, 
2019/6/29, , 14, 49, , 2, 
2019/6/30, , 18, 35, , 2, 
2019/1/10, , 27, 19, 12, 2, 
2019/1/11, , 14, , , , 
2019/1/14, , 29, 25, 18, 2, 
2019/1/15, , 23, 18, 17, 2, 
2019/1/16, , 15, 33, 6, 1, 
2019/1/17, , 11, 22, 16, 1, 
2019/1/18, , 21, 20, 8, 2, 
2019/1/19, , 27, 22, 8, 2, 
2019/1/20, , 32, 23, 11, 2, 
2019/1/21, , 41, 23, 8, 1, 
2019/1/22, , 39, 23, 13, 2, 
2019/1/23, , 47, 19, 18, 2, 
2019/1/24, , 46, 19, 12, 2, 
2019/1/25, , 42, 20, 20, 2, 
2019/1/26, , 55, 21, 27, 4, 
2019/1/27, , 82, 17, 21, 3, 
2019/1/28, , 42, 14, 21, 3, 
2019/1/29, , 34, 11, 19, 4, 
2019/1/30, , 46, 17, 14, 8, 
2019/1/31, , 40, 17, 12, 5, 
2019/2/1, , 53, 29, 12, 4, 
2019/2/2, , 22, 19, 19, 2, 
2019/2/3, , 30, 20, 7, 2, 
2019/2/4, , 15, 24, 8, 1, 
2019/2/5, , 20, 25, 17, 2, 
2019/2/6, , 35, 21, 25, 3, 
2019/2/7, , 59, 15, 28, 5, 
2019/2/8, , 69, 16, 20, 3, 
2019/2/9, , 68, 34, 13, 3, 
2019/2/10, , 59, 29, 15, 2, 
2019/2/11, , 17, 29, 14, 2, 
2019/2/12, , 34, 26, 17, 2, 
2019/2/13, , 25, 19, 28, 3, 
2019/2/14, , 47, 25, 23, 4, 
2019/2/15, , 48, 28, 20, 3, 
2019/2/16, , 48, 31, 20, 3, 
2019/2/17, , 57, 33, 29, 4, 
2019/2/18, , 69, 32, 32, 4, 
2019/2/19, , 68, 30, 27, 3, 
2019/2/20, , 61, 29, 28, 3, 
2019/2/21, , 51, 26, 18, 3, 
2019/2/22, , 48, 33, 2, 2, 
2019/2/23, , 16, 34, 11, 2, 
2019/2/24, , 31, 32, 23, 3, 
2019/2/25, , 39, 31, 17, 2, 
2019/2/26, , 39, 36, 16, 2, 
2019/2/27, , 22, 39, 17, 2, 
2019/2/28, , 32, 38, 22, 2, 
2019/3/1, , 37, 31, 16, 2, 
2019/3/2, , 40, 40, 7, 1, 
2019/3/3, , 23, 45, 6, 1, 
2019/3/4, , 17, 29, 24, 2, 
2019/3/5, , 26, 40, 11, 1, 
2019/3/6, , 24, 43, 11, 1, 
2019/3/7, , 17, 38, 12, 1, 
2019/3/8, , 24, 41, 6, 1, 
2019/3/9, , 15, 41, 3, 1, 
2019/3/10, , 12, 33, 10, 1, 
2019/3/11, , 13, 31, 16, 1, 
2019/3/12, , 21, 34, 14, 2, 
2019/3/13, , 28, 22, 10, 1, 
2019/3/14, , 14, , 15, 1, 
2019/3/15, , 20, , 11, 1, 
2019/3/16, , 24, , 3, 1, 
2019/3/17, , 52, , 11, 1, 
2019/3/18, , 8, , 10, 1, 
2019/3/19, , 14, , 6, 1, 
2019/3/20, , 18, , 16, 1, 
2019/3/21, , 23, , 29, 2, 
2019/3/22, , 42, , 26, 2, 
2019/3/23, , 46, , 20, 2, 
2019/3/24, , 42, , 14, 2, 
2019/3/25, , 44, , 8, 1, 
2019/3/26, , 15, , 14, 1, 
2019/3/27, , 38, 22, 8, 1, 
2019/3/28, , 21, 39, 11, 1, 
2019/3/29, , 23, 45, 19, 2, 
2019/3/30, , 35, 53, 16, 4, 
2019/3/31, , 40, 46, 13, 2, 
2018/10/1, , 31, 21, 12, , 
2018/10/2, , 17, 18, 15, 1, 
2018/10/3, , 22, 29, 16, 1, 
2018/10/4, , 31, 33, 22, 6, 
2018/10/5, , 41, 22, 18, 2, 
2018/10/6, , 54, 19, 13, 1, 
2018/10/7, , 39, 23, 10, , 
2018/10/8, , 34, 5, 14, 1, 
2018/10/9, , 41, , 20, 2, 
2018/10/10, , 45, , 22, 2, 
2018/10/11, , 50, , 21, 1, 
2018/10/12, , 53, , 15, 3, 
2018/10/13, , 52, , 17, 2, 
2018/10/14, , 52, , 21, 2, 
2018/10/15, , 52, , 16, 1, 
2018/10/16, , 51, , 21, 2, 
2018/10/17, , 57, , 23, 2, 
2018/10/18, , 61, , 20, 2, 
2018/10/19, , 54, , , , 
2018/10/21, , 27, , 9, 1, 
2018/10/22, , 29, , 16, 1, 
2018/10/31, , 24, 20, 13, 1, 
2018/11/1, , 37, 13, 12, 1, 
2018/11/2, , 22, 8, 7, 1, 
2018/11/3, , 32, 8, 6, 1, 
2018/11/4, , 42, 9, 8, 1, 
2018/11/5, , 47, 6, 13, 2, 
2018/11/6, , 51, 5, 10, 1, 
2018/11/7, , 31, 8, 10, , 
2018/11/8, , 19, 10, 11, 1, 
2018/11/9, , 31, 22, 9, , 
2018/11/10, , 16, 31, 10, 1, 
2018/11/11, , 19, 30, 10, 1, 
2018/11/12, , 20, 27, 10, , 
2018/11/13, , 13, 14, 22, 2, 
2018/11/14, , 31, 16, 17, 2, 
2018/11/15, , 41, 22, 10, 1, 
2018/11/16, , 23, 23, 3, 1, 
2018/11/17, , 15, 20, 3, 2, 
2018/11/18, , 20, 15, 7, 1, 
2018/11/19, , 26, 11, 12, 3, 
2018/11/20, , 28, 4, 10, 1, 
2018/11/21, , 27, 5, 9, 1, 
2018/11/22, , 32, 8, 7, 1, 
2018/11/23, , 26, 8, 6, 7, 
2018/11/24, , 37, 4, 7, 3, 
2018/11/25, , 37, 6, 8, 2, 
2018/11/26, , 11, 15, 4, 1, 
2018/11/27, , 9, 21, 13, 1, 
2018/11/28, , 21, 16, 19, 2, 
2018/11/29, , 46, 16, 8, 2, 
2018/11/30, , 37, 14, 13, 3, 
2018/12/1, , 50, 10, 16, 3, 
2018/12/2, , 72, 8, 19, 3, 
2018/12/3, , 49, 9, 18, 3, 
2018/12/4, , 57, 22, 19, 2, 
2018/12/5, , 21, 8, 19, 2, 
2018/12/6, , 48, 8, 16, 2, 
2018/12/7, , 47, 14, 12, 1, 
2018/12/8, , 17, 11, 13, 1, 
2018/12/9, , 29, 10, 12, 2, 
2018/12/10, , 25, 11, 21, 2, 
2018/12/11, , 32, 7, 18, 2, 
2018/12/12, , 31, 6, 9, 2, 
2018/12/13, , 25, 13, 7, 1, 
2018/12/14, , 23, 14, 4, 1, 
2018/12/15, , 16, , , , 
2018/12/16, , 31, 4, 32, 5, 
2018/12/17, , 53, 9, 24, 3, 
2018/12/18, , 56, 7, 16, 3, 
2018/12/19, , 69, 7, 17, 3, 
2018/12/20, , 63, 4, 13, 3, 
2018/12/21, , 64, 16, 16, 2, 
2018/12/22, , 12, 15, 11, 2, 
2018/12/23, , 14, 18, 6, 2, 
2018/12/24, , 7, , , , 
2018/7/1, , 12, 34, 6, 2, 
2018/7/2, , 15, 41, 8, 1, 
2018/7/3, , 22, 43, 9, , 
2018/7/4, , 16, 41, 9, , 
2018/7/5, , 15, 41, 7, , 
2018/7/6, , 7, 35, 5, , 
2018/7/7, , 11, 44, 7, , 
2018/7/8, , 14, 40, 8, , 
2018/7/9, , 13, 44, 11, , 
2018/7/10, , 17, 37, 9, , 
2018/7/11, , 9, 37, 9, , 
2018/7/12, , 12, 38, 14, , 
2018/7/13, , 12, 40, 9, , 
2018/7/14, , 11, 39, 10, , 
2018/7/15, , 13, 40, 10, , 
2018/7/16, , 12, 43, 7, , 
2018/7/17, , 11, 55, 10, , 
2018/7/18, , 14, 59, 11, , 
2018/7/19, , 20, 55, 11, , 
2018/7/20, , 20, 44, 10, , 
2018/7/21, , 14, 39, 5, , 
2018/7/22, , 12, 41, 10, , 
2018/7/23, , 15, 60, 9, , 
2018/7/24, , 19, 53, 9, , 
2018/7/25, , 18, 43, 8, , 
2018/7/26, , 13, 52, 9, , 
2018/7/27, , 12, 21, 8, , 
2018/7/28, , 17, , , , 
2018/7/30, , 15, 75, 11, , 
2018/7/31, , 19, 51, 8, , 
2018/8/1, , 21, 41, 6, , 
2018/8/2, , 15, 60, 10, , 
2018/8/3, , 13, 46, 8, , 
2018/8/4, , 15, 48, 11, , 
2018/8/5, , 16, 52, 12, , 
2018/8/6, , 18, 46, 9, 5, 
2018/8/7, , 29, 42, 9, 3, 
2018/8/8, , 29, 55, 10, 5, 
2018/8/9, , 34, 56, 10, 1, 
2018/8/10, , 31, 39, 3, , 
2018/8/11, , 11, 46, 7, , 
2018/8/12, , 10, 41, 8, , 
2018/8/13, , 13, 35, 6, , 
2018/8/14, , 9, 38, 5, , 
2018/8/15, , 7, 42, 9, , 
2018/8/16, , 11, 46, 13, 1, 
2018/8/17, , 17, 50, 13, 1, 
2018/8/18, , 28, 53, 11, , 
2018/8/20, , 21, 63, 14, , 
2018/8/21, , 23, 61, 15, 1, 
2018/8/22, , 26, 54, 16, 2, 
2018/8/23, , 28, 49, 9, 1, 
2018/8/24, , 25, 35, 4, , 
2018/8/25, , 18, , , , 
2018/8/27, , 9, 35, 10, , 
2018/8/28, , 13, 41, 19, , 
2018/8/29, , 19, 47, 13, 1, 
2018/8/30, , 23, 38, 8, , 
2018/8/31, , 13, 22, 11, , 
2018/9/1, , 19, 27, , , 
2018/9/2, , 12, 29, 10, , 
2018/9/3, , 14, 22, 12, , 
2018/9/4, , 10, 35, 12, , 
2018/9/5, , 17, 40, 14, , 
2018/9/6, , 22, 36, 14, , 
2018/9/7, , 20, 19, 6, , 
2018/9/8, , 15, , , , 
2018/9/10, , 24, 38, 17, , 
2018/9/11, , 18, 34, 21, , 
2018/9/12, , 23, 41, 20, 4, 
2018/9/13, , 27, 40, 15, 2, 
2018/9/14, , 32, , , , 
2018/9/17, , 26, 38, 16, 3, 
2018/9/18, , 26, 41, 17, 2, 
2018/9/19, , 30, 46, 16, 1, 
2018/9/20, , 28, 38, 20, 2, 
2018/9/21, , 36, 30, 5, , 
2018/9/22, , 20, 24, 7, , 
2018/9/23, , 12, 23, 11, , 
2018/9/24, , 11, 30, 9, , 
2018/9/25, , 13, 30, 16, 1, 
2018/9/26, , 14, 27, 18, 1, 
2018/9/27, , 25, 36, 22, 6, 
2018/9/28, , 38, 31, 8, , 
2018/9/29, , 23, 6, 17, , 
2018/9/30, , 16, 28, 17, 2, 
2018/4/1, , 7, 42, 4, , 
2018/4/2, , 6, 44, 7, , 
2018/4/3, , 10, 41, 11, , 
2018/4/4, , 9, 39, 7, , 
2018/4/5, , 6, 37, 12, , 
2018/4/6, , 9, 37, 11, , 
2018/4/7, , 19, 37, 14, 1, 
2018/4/8, , 47, 36, 16, 1, 
2018/4/9, , 22, 12, 9, , 
2018/4/10, , 12, , 16, , 
2018/4/11, , 12, , 19, , 
2018/4/12, , 23, , 8, , 
2018/4/13, , 11, , 13, , 
2018/4/14, , 14, , 14, 1, 
2018/4/15, , 23, , 11, 1, 
2018/4/16, , 31, , 13, , 
2018/4/17, , 12, , 14, , 
2018/4/18, , 18, 33, 21, 1, 
2018/4/19, , 19, 48, 16, , 
2018/4/20, , 16, 52, 17, , 
2018/4/21, , 18, 48, 13, , 
2018/4/22, , 16, 51, 17, , 
2018/4/23, , 16, 47, 18, , 
2018/4/24, , 18, 11, 11, , 
2018/4/25, , 18, , 8, , 
2018/4/26, , 19, 36, 14, , 
2018/4/27, , 11, 41, 17, 1, 
2018/4/28, , 25, 36, 14, , 
2018/4/29, , 21, 41, 8, , 
2018/4/30, , 17, 40, 7, , 
2018/5/1, , 10, 45, 13, 1, 
2018/5/2, , 19, 41, 8, 1, 
2018/5/3, , 17, 29, 11, , 
2018/5/4, , 18, 39, 6, , 
2018/5/5, , 18, 44, 8, 1, 
2018/5/6, , 16, 46, 13, , 
2018/5/7, , 16, 44, 13, , 
2018/5/8, , 18, 33, 18, , 
2018/5/9, , 17, 50, 17, , 
2018/5/10, , 22, 39, 12, 1, 
2018/5/11, , 17, 45, 10, 1, 
2018/5/12, , 20, 46, 8, , 
2018/5/13, , 13, 27, 10, , 
2018/5/14, , 12, 34, , , 
2018/5/15, , 7, 36, , , 
2018/5/16, , 9, 34, , , 
2018/5/17, , 10, 38, , , 
2018/5/18, , 12, 43, , , 
2018/5/19, , 14, 41, , , 
2018/5/20, , 16, 42, , , 
2018/5/21, , 11, 37, , , 
2018/5/22, , 19, 35, , 1, 
2018/5/23, , 21, 37, , , 
2018/5/24, , 17, 31, , , 
2018/5/25, , 17, 46, , , 
2018/5/26, , 14, 47, , , 
2018/5/27, , 19, 51, 12, 3, 
2018/5/28, , 24, 48, 10, 4, 
2018/5/29, , 28, 48, 11, 1, 
2018/5/30, , 23, 44, 9, 1, 
2018/5/31, , 23, 38, 6, , 
2018/6/1, , 17, 51, 6, , 
2018/6/2, , 15, 55, 5, , 
2018/6/3, , 9, 40, 12, , 
2018/6/4, , 13, 47, 10, , 
2018/6/5, , 16, 41, 9, , 
2018/6/6, , 12, 10, 10, , 
2018/6/7, , 13, 39, 8, , 
2018/6/8, , 24, 38, 5, , 
2018/6/9, , 13, 44, 8, , 
2018/6/10, , 16, 37, 13, , 
2018/6/11, , 17, 37, 9, , 
2018/6/12, , 11, 31, 8, , 
2018/6/13, , 13, 34, 4, , 
2018/6/14, , 12, 35, 8, , 
2018/6/15, , 12, 43, 3, , 
2018/6/16, , 14, 40, 10, , 
2018/6/17, , 19, 43, 6, , 
2018/6/18, , 15, 41, 5, , 
2018/6/19, , 12, 50, 7, , 
2018/6/20, , 16, 40, 8, , 
2018/6/21, , 18, 35, 4, , 
2018/6/22, , 12, 33, 6, , 
2018/6/23, , 10, 34, 4, , 
2018/6/24, , 12, 32, 2, , 
2018/6/25, , 10, 36, 5, , 
2018/6/26, , 10, 38, 2, , 
2018/6/27, , 9, 21, 11, , 
2018/6/28, , 7, 19, 11, , 
2018/6/29, , 10, 41, 6, , 
2018/6/30, , 15, 35, 3, , 
2018/1/1, , 16, 26, 15, , 
2018/1/2, , 16, 13, 12, , 
2018/1/3, , 20, 13, 19, 1, 
2018/1/4, , 36, 18, 16, , 
2018/1/5, , 24, 22, 10, , 
2018/1/6, , 14, 18, 17, , 
2018/1/7, , 26, 5, 24, 2, 
2018/1/8, , 57, 8, 12, 1, 
2018/1/9, , 46, 15, 14, , 
2018/1/10, , 29, 10, 13, , 
2018/1/11, , 17, 8, 10, 1, 
2018/1/12, , 21, , , , 
2018/1/14, , 16, 7, 10, 2, 
2018/1/15, , 22, 16, 11, 2, 
2018/1/16, , 20, 18, 17, , 
2018/1/17, , 14, 16, 17, , 
2018/1/18, , 16, 24, 14, , 
2018/1/19, , 8, 23, 11, , 
2018/1/20, , 10, 22, 7, , 
2018/1/21, , 13, 21, 15, , 
2018/1/22, , 18, 10, 26, 2, 
2018/1/23, , 41, 13, 24, 1, 
2018/1/24, , 43, 17, 17, 1, 
2018/1/25, , 38, 27, 14, 1, 
2018/1/26, , 16, 17, 11, , 
2018/1/27, , 28, 13, 8, , 
2018/1/28, , 29, 11, 15, , 
2018/1/29, , 24, 22, 19, 1, 
2018/1/30, , 29, 15, 16, 1, 
2018/1/31, , 27, 28, 6, , 
2018/2/1, , 7, 20, 20, , 
2018/2/2, , 15, 14, 16, , 
2018/2/3, , 22, 9, 14, , 
2018/2/4, , 26, 12, 20, , 
2018/2/5, , 19, 17, 8, 1, 
2018/2/6, , 18, 12, 17, 2, 
2018/2/7, , 22, 7, 24, 1, 
2018/2/8, , 47, 9, 18, 1, 
2018/2/9, , 36, 20, 8, 1, 
2018/2/10, , 30, 22, 12, 1, 
2018/2/11, , 24, 7, 23, 1, 
2018/2/12, , 53, 24, 9, , 
2018/2/13, , 8, 21, 12, , 
2018/2/14, , 12, 22, 23, 1, 
2018/2/15, , 37, 28, 19, 2, 
2018/2/16, , 35, 28, 20, 3, 
2018/2/17, , 46, 26, 10, 1, 
2018/2/18, , 28, 28, 7, 1, 
2018/2/19, , 15, 24, 10, , 
2018/2/20, , 11, 27, 9, 1, 
2018/2/21, , 22, 27, 8, 1, 
2018/2/22, , 18, 26, 11, , 
2018/2/23, , 16, 33, 8, 2, 
2018/2/24, , 25, 39, 4, 2, 
2018/2/25, , 18, 31, 7, 3, 
2018/2/26, , 22, 33, 8, 2, 
2018/2/27, , 24, 32, 25, 2, 
2018/2/28, , 40, 35, 26, 5, 
2018/3/1, , 65, 38, 22, 8, 
2018/3/2, , 57, 37, 16, 3, 
2018/3/3, , 52, 41, 19, 1, 
2018/3/4, , 54, 41, 13, 4, 
2018/3/5, , 48, 101, 22, 3, 
2018/3/6, , 41, 34, 23, 1, 
2018/3/7, , 37, 31, 21, 1, 
2018/3/8, , 22, 38, 15, 1, 
2018/3/9, , 27, 39, 6, , 
2018/3/10, , 9, 36, 10, , 
2018/3/11, , 15, 34, 13, , 
2018/3/12, , 16, 31, 12, , 
2018/3/13, , 12, 33, 11, , 
2018/3/14, , 13, 33, 15, , 
2018/3/15, , 14, 28, 15, , 
2018/3/16, , 15, 27, 14, , 
2018/3/17, , 22, 29, 4, , 
2018/3/18, , 14, 29, 7, , 
2018/3/19, , 17, 29, 12, 1, 
2018/3/20, , 27, 34, 12, 1, 
2018/3/21, , 25, 39, 13, , 
2018/3/22, , 20, 31, 17, 1, 
2018/3/23, , 24, 37, 13, 1, 
2018/3/24, , 30, 42, 9, 5, 
2018/3/25, , 30, 38, 14, 2, 
2018/3/26, , 33, 36, 20, 1, 
2018/3/27, , 37, 42, 15, , 
2018/3/28, , 26, 40, 17, , 
2018/3/29, , 13, 29, 18, , 
2018/3/30, , 17, 32, 9, , 
2018/3/31, , 6, 39, 5, , 
2017/10/11, , 48, 10, 13, , 
2017/10/12, , 31, 24, 18, , 
2017/10/13, , 31, 20, 19, , 
2017/10/16, , 49, 20, 19, 1, 
2017/10/17, , 44, 13, 20, 1, 
2017/10/18, , 29, 27, 16, , 
2017/10/19, , 25, 29, 24, , 
2017/10/20, , 31, 25, 17, , 
2017/10/21, , 36, 28, 17, , 
2017/10/22, , 23, 26, 8, , 
2017/10/23, , 9, 21, 10, , 
2017/10/24, , 14, 23, 5, , 
2017/10/25, , 26, 19, 16, , 
2017/10/26, , 32, 12, 18, , 
2017/10/27, , 28, 14, 16, , 
2017/10/28, , 20, 14, 15, , 
2017/10/29, , 17, 32, 6, , 
2017/10/30, , 13, 21, 15, , 
2017/10/31, , 24, 19, 19, , 
2017/11/1, , 45, 24, 16, , 
2017/11/2, , 33, 20, 18, , 
2017/11/3, , 31, 20, 19, 1, 
2017/11/4, , 49, 10, 16, , 
2017/11/5, , 44, 16, 16, 1, 
2017/11/6, , 30, 15, 8, 1, 
2017/11/7, , 30, 15, 11, 1, 
2017/11/8, , 30, 9, 13, , 
2017/11/9, , 30, 10, 11, , 
2017/11/10, , 42, 9, 18, 1, 
2017/11/11, , 40, 7, 13, , 
2017/11/12, , 28, 22, 14, , 
2017/11/13, , 12, 26, 7, , 
2017/11/14, , 15, 22, 5, , 
2017/11/15, , 18, 17, 10, , 
2017/11/16, , 40, 6, 15, , 
2017/11/17, , 33, 6, 11, , 
2017/11/18, , 29, 3, 12, , 
2017/11/19, , 33, 5, 11, , 
2017/11/20, , 37, 7, 16, , 
2017/11/21, , 36, 16, 15, 1, 
2017/11/23, , 19, 14, 20, , 
2017/11/24, , 27, 17, 22, , 
2017/11/25, , 31, 18, 17, , 
2017/11/26, , 10, 25, 7, , 
2017/11/27, , 33, 14, 22, 1, 
2017/11/28, , 40, 10, 20, 1, 
2017/11/29, , 42, 8, 19, 1, 
2017/11/30, , 21, 9, 16, , 
2017/12/1, , 23, 11, 11, , 
2017/12/2, , 23, 16, 8, , 
2017/12/3, , 29, 15, 11, 1, 
2017/12/4, , 66, 6, 17, , 
2017/12/5, , 41, 13, 19, , 
2017/12/6, , 67, 11, 28, 2, 
2017/12/7, , 65, 14, 23, 1, 
2017/12/8, , 12, 29, 8, , 
2017/12/9, , 21, 20, 14, , 
2017/12/10, , 23, 17, 15, , 
2017/12/11, , 17, 32, 7, , 
2017/12/12, , 13, 31, 11, , 
2017/12/13, , 9, 22, 9, , 
2017/12/14, , 14, 21, 14, , 
2017/12/15, , 17, 27, 17, , 
2017/12/16, , 16, 21, 12, , 
2017/12/17, , 29, 13, 14, , 
2017/12/18, , 42, 6, 18, , 
2017/12/19, , 45, 10, 19, 1, 
2017/12/20, , 63, 2, 20, 1, 
2017/12/21, , 44, 8, 19, 1, 
2017/12/22, , 49, 6, 24, 1, 
2017/12/23, , 47, 9, 17, 1, 
2017/12/24, , 45, 12, 19, 1, 
2017/12/25, , 67, 14, 17, , 
2017/12/26, , 14, 25, 5, , 
2017/12/27, , 34, 25, 22, , 
2017/12/28, , 12, 23, 14, , 
2017/12/29, , 19, 14, 13, , 
2017/12/30, , 47, 14, 14, , 
2017/7/1, , 6, 42, 8, , 
2017/7/2, , 5, 42, 11, , 
2017/7/3, , 7, 48, 13, , 
2017/7/4, , 9, 45, 15, , 
2017/7/5, , 11, 64, 14, , 
2017/7/6, , 13, 63, 15, , 
2017/7/7, , 16, 73, 13, , 
2017/7/8, , 12, 64, 11, , 
2017/7/9, , 15, 62, 9, 1, 
2017/7/10, , 17, 58, 8, , 
2017/7/11, , 14, 59, 11, , 
2017/7/12, , 10, 45, 7, , 
2017/7/13, , 8, 42, 8, , 
2017/7/14, , 12, 50, 8, , 
2017/7/15, , 11, 52, 7, , 
2017/7/16, , 9, 57, 14, , 
2017/7/17, , 14, 53, 17, , 
2017/7/18, , 14, 58, 15, , 
2017/7/19, , 15, 87, 12, , 
2017/7/20, , 14, 78, 10, , 
2017/7/21, , 12, 74, 11, , 
2017/7/22, , 13, 66, 8, , 
2017/7/23, , 14, 59, 9, , 
2017/7/24, , 12, 46, 5, , 
2017/7/25, , 7, 43, 9, , 
2017/7/26, , 7, 45, 11, , 
2017/7/27, , 9, 49, 11, , 
2017/7/28, , 10, 61, 8, , 
2017/7/29, , 9, 51, 10, , 
2017/7/30, , 11, 65, 10, , 
2017/7/31, , 9, 72, 14, 1, 
2017/8/1, , 16, 73, 13, , 
2017/8/2, , 22, 77, 10, , 
2017/8/3, , 11, 74, 16, , 
2017/8/4, , 20, 61, 5, , 
2017/8/5, , 10, 49, 5, , 
2017/8/6, , 11, 54, 5, , 
2017/8/7, , 9, 49, 8, 1, 
2017/8/8, , 17, 68, 13, 1, 
2017/8/9, , 27, 64, 11, 1, 
2017/8/10, , 23, 54, 8, , 
2017/8/11, , 11, 39, 7, , 
2017/8/12, , 10, 40, 7, , 
2017/8/13, , 8, 48, 13, , 
2017/8/14, , 10, 65, 13, , 
2017/8/15, , 11, 67, 13, , 
2017/8/16, , 12, 22, 14, , 
2017/8/17, , 13, , , , 
2017/8/18, , 16, , , , 
2017/8/19, , 10, , , , 
2017/8/20, , 6, 33, , , 
2017/8/21, , 5, 38, , , 
2017/8/22, , 6, 40, 17, , 
2017/8/23, , 7, 41, 16, , 
2017/8/24, , 7, 44, 15, , 
2017/8/25, , 8, 59, 18, , 
2017/8/26, , 9, 66, 15, , 
2017/8/27, , 10, 40, 10, , 
2017/8/28, , 7, 41, 11, , 
2017/8/29, , 8, 43, 18, 1, 
2017/8/30, , 24, 45, 13, , 
2017/8/31, , 9, 34, 14, , 
2017/9/1, , 9, 19, 6, , 
2017/9/2, , 7, 26, 9, , 
2017/9/3, , 6, 27, 12, , 
2017/9/4, , 7, 35, 18, , 
2017/9/5, , 8, , , , 
2017/9/11, , 11, 19, 11, , 
2017/9/13, , 4, 31, 9, , 
2017/9/14, , 5, 29, 11, , 
2017/9/15, , 6, 12, 11, , 
2017/9/16, , 9, 20, 11, , 
2017/9/17, , 7, 24, 10, , 
2017/9/18, , 9, 19, 10, , 
2017/9/19, , 5, 16, 14, , 
2017/9/20, , 8, 26, 12, , 
2017/9/21, , 7, 23, 15, , 
2017/9/22, , 8, 32, 13, , 
2017/4/1, , 22, 54, 14, , 
2017/4/2, , 18, 52, 15, 1, 
2017/4/3, , 24, 41, 11, , 
2017/4/4, , 21, 36, 12, , 
2017/4/5, , 16, 35, 8, , 
2017/4/6, , 11, 39, 8, 1, 
2017/4/7, , 12, 37, 7, , 
2017/4/8, , 10, 40, 11, , 
2017/4/9, , 15, 38, 13, , 
2017/4/10, , 14, 35, 7, , 
2017/4/11, , 14, 30, 15, , 
2017/4/12, , 16, 45, 11, 1, 
2017/4/13, , 17, 43, 6, 1, 
2017/4/14, , 10, 37, 4, 1, 
2017/4/15, , 16, 31, 5, , 
2017/4/16, , 19, 40, 7, , 
2017/4/17, , 8, 30, 14, , 
2017/4/18, , 14, 35, , 2, 
2017/4/19, , 11, 39, , 1, 
2017/4/20, , 12, 44, , , 
2017/4/21, , 20, 50, , , 
2017/4/22, , 25, 38, , , 
2017/4/23, , 9, 43, , 1, 
2017/4/24, , 13, 52, , , 
2017/4/25, , 13, 45, , , 
2017/4/26, , 12, 34, , , 
2017/4/27, , 16, 20, , , 
2017/4/28, , 15, 40, , , 
2017/4/29, , 14, 46, , , 
2017/4/30, , 20, 52, , 1, 
2017/5/1, , 18, 56, , , 
2017/5/2, , 11, 38, , , 
2017/5/3, , 13, 41, , , 
2017/5/4, , 11, 33, , , 
2017/5/5, , 9, 39, , , 
2017/5/6, , 8, , , , 
2017/5/8, , 9, 31, , , 
2017/5/9, , 8, 41, , , 
2017/5/10, , 9, 43, , , 
2017/5/11, , 10, 42, , , 
2017/5/12, , 15, 32, , , 
2017/5/13, , 12, , , , 
2017/5/15, , 7, 47, , , 
2017/5/16, , 10, 51, , , 
2017/5/17, , 11, 51, , 1, 
2017/5/18, , 15, 51, 12, , 
2017/5/19, , 15, 42, 8, , 
2017/5/20, , 10, 48, 5, , 
2017/5/21, , 11, 56, 14, , 
2017/5/22, , 14, 60, 12, , 
2017/5/23, , 14, 44, 12, , 
2017/5/24, , 10, 42, 10, , 
2017/5/25, , 10, 47, 11, , 
2017/5/26, , 9, 49, 10, , 
2017/5/27, , 11, 52, 12, , 
2017/5/28, , 12, 48, 15, , 
2017/5/29, , 14, 53, 14, , 
2017/5/30, , 17, 63, 10, , 
2017/5/31, , 16, 81, 11, , 
2017/6/1, , 18, 60, 11, , 
2017/6/2, , 13, 69, 9, , 
2017/6/3, , 11, 55, 8, , 
2017/6/4, , 14, 48, 10, , 
2017/6/5, , 7, 40, 13, , 
2017/6/6, , 14, 38, 6, , 
2017/6/7, , 8, 44, 9, , 
2017/6/8, , 6, 55, 16, , 
2017/6/9, , 11, 54, 11, , 
2017/6/10, , 12, 51, 11, , 
2017/6/11, , 10, 50, 14, , 
2017/6/12, , 12, 59, 13, , 
2017/6/13, , 17, 49, 11, , 
2017/6/14, , 15, 64, 11, , 
2017/6/15, , 14, 59, 15, , 
2017/6/16, , 16, 45, 7, , 
2017/6/17, , 11, 47, 4, , 
2017/6/18, , 9, 57, 13, , 
2017/6/19, , 12, 53, 15, , 
2017/6/21, , 14, 62, 8, , 
2017/6/22, , 11, 77, 11, , 
2017/6/23, , 24, 74, 9, , 
2017/6/24, , 16, 68, 7, , 
2017/6/25, , 15, 46, 10, , 
2017/6/26, , 8, 46, 14, , 
2017/6/27, , 11, 41, 12, , 
2017/6/28, , 14, 56, 5, , 
2017/6/29, , 8, 43, 9, , 
2017/6/30, , 6, 45, 7, , 
2017/1/2, , 77, 21, 16, , 
2017/1/3, , 38, 13, 16, , 
2017/1/4, , 39, 6, 15, , 
2017/1/5, , 53, , , , 
2017/1/9, , 31, 28, 8, 6, 
2017/1/10, , 32, 20, 17, 2, 
2017/1/11, , 55, 26, 16, 1, 
2017/1/12, , 35, 25, 16, 1, 
2017/1/13, , 29, 25, 14, , 
2017/1/14, , 23, , , , 
2017/1/16, , 13, 29, 5, 1, 
2017/1/17, , 20, 30, 5, 2, 
2017/1/18, , 24, 31, 11, 3, 
2017/1/19, , 35, 19, 35, 7, 
2017/1/20, , 72, 25, 24, 7, 
2017/1/21, , 82, 31, 24, 12, 
2017/1/22, , 78, 25, 24, 2, 
2017/1/23, , 104, 31, 11, 3, 
2017/1/24, , 74, 20, 17, 1, 
2017/1/25, , 53, 18, 20, 1, 
2017/1/26, , 61, 22, 20, 2, 
2017/1/27, , 66, 30, 14, 6, 
2017/1/28, , 83, 28, 11, 13, 
2017/1/29, , 62, 27, 11, 4, 
2017/1/30, , 51, 31, 13, 2, 
2017/1/31, , 69, 11, 29, 7, 
2017/2/1, , 96, 14, 27, 2, 
2017/2/2, , 65, 26, 18, , 
2017/2/3, , 21, 30, 8, , 
2017/2/4, , 16, , 3, , 
2017/2/6, , 17, 22, 12, 1, 
2017/2/7, , 24, 26, 8, , 
2017/2/8, , 32, 19, 8, 1, 
2017/2/9, , 50, 21, 9, 3, 
2017/2/10, , 37, 23, 10, 2, 
2017/2/11, , 46, 26, 11, 4, 
2017/2/12, , 57, 29, 11, 3, 
2017/2/13, , 45, 31, 22, 3, 
2017/2/14, , 57, 28, 24, 2, 
2017/2/15, , 59, 21, 26, 2, 
2017/2/16, , 76, 35, 19, 1, 
2017/2/17, , 69, 24, 14, , 
2017/2/18, , 31, 25, 17, , 
2017/2/19, , 31, 24, 21, , 
2017/2/20, , 47, 31, 16, , 
2017/2/21, , 34, 38, 13, , 
2017/2/22, , 34, 40, 7, , 
2017/2/23, , 15, 40, 5, , 
2017/2/24, , 11, 37, 10, , 
2017/2/25, , 12, 34, 18, 5, 
2017/2/26, , 39, 33, 15, 1, 
2017/2/27, , 37, 44, 2, , 
2017/2/28, , 11, 41, 13, , 
2017/3/1, , 12, 33, 15, , 
2017/3/2, , 22, 36, 12, 1, 
2017/3/3, , 16, 46, 9, 1, 
2017/3/4, , 23, 38, 6, , 
2017/3/5, , 9, 32, 9, , 
2017/3/6, , 7, , 4, , 
2017/3/7, , 9, , 8, , 
2017/3/8, , 12, , 17, , 
2017/3/9, , 26, , 11, , 
2017/3/10, , 25, , 7, , 
2017/3/11, , 12, , 15, , 
2017/3/12, , 26, , 21, 1, 
2017/3/13, , 35, , 22, , 
2017/3/14, , 48, , 24, , 
2017/3/15, , 51, , 23, , 
2017/3/16, , 44, 43, 20, , 
2017/3/17, , 43, 56, 8, , 
2017/3/18, , 32, 42, 10, , 
2017/3/19, , 16, 42, 16, , 
2017/3/20, , 20, 41, 8, , 
2017/3/21, , 17, 39, 14, 1, 
2017/3/22, , 18, 37, 14, , 
2017/3/23, , 23, 19, 9, , 
2017/3/24, , 15, , 8, , 
2017/3/25, , 21, , 13, , 
2017/3/26, , 28, , 10, , 
2017/3/27, , 13, , 20, 1, 
2017/3/28, , 27, , 24, 1, 
2017/3/29, , 30, , 27, , 
2017/3/30, , 42, 42, 13, 1, 
2017/3/31, , 17, 46, 13, 2, 
2016/10/1, , 16, 32, 12, , 
2016/10/2, , 15, 20, 12, , 
2016/10/3, , 11, 19, 7, , 
2016/10/4, , 8, 29, 10, , 
2016/10/5, , 12, 19, 11, , 
2016/10/6, , 15, 13, 6, , 
2016/10/7, , 12, 23, 10, , 
2016/10/8, , 22, 21, 10, , 
2016/10/9, , 32, 18, 8, , 
2016/10/10, , 14, 24, 8, , 
2016/10/11, , 10, 17, 11, , 
2016/10/12, , 18, 15, 13, , 
2016/10/13, , 35, 18, 14, 7, 
2016/10/14, , 35, 15, 11, 1, 
2016/10/15, , 35, 19, 12, , 
2016/10/16, , 36, 14, 13, , 
2016/10/17, , 38, 11, 6, , 
2016/10/18, , 22, 14, 8, , 
2016/10/19, , 25, 11, 11, , 
2016/10/20, , 20, 17, 15, , 
2016/10/21, , 15, 15, 12, , 
2016/10/22, , 23, 14, 7, , 
2016/10/23, , 36, 9, 14, 1, 
2016/10/26, , 17, 21, 12, , 
2016/10/27, , 28, 23, 16, , 
2016/10/28, , 36, 26, 14, , 
2016/10/29, , 44, 27, 13, , 
2016/10/30, , 40, 21, 18, , 
2016/10/31, , 50, 22, 19, , 
2016/11/1, , 45, 19, 16, , 
2016/11/2, , 34, 22, 11, , 
2016/11/3, , 15, 12, 13, , 
2016/11/4, , 40, 18, 13, 1, 
2016/11/5, , 49, 30, 4, , 
2016/11/6, , 10, 20, 7, , 
2016/11/7, , 10, 21, 7, , 
2016/11/8, , 12, 20, 14, , 
2016/11/9, , 23, 20, 15, , 
2016/11/10, , 32, 19, 13, , 
2016/11/11, , 43, 22, 5, , 
2016/11/12, , 8, 18, 10, , 
2016/11/13, , 29, 15, 19, , 
2016/11/14, , 42, 15, 17, , 
2016/11/15, , 53, 15, 18, , 
2016/11/16, , 47, 26, 12, , 
2016/11/17, , 37, 26, 15, 1, 
2016/11/18, , 20, 27, 11, 1, 
2016/11/19, , 17, 12, 15, , 
2016/11/20, , 25, 13, 19, 1, 
2016/11/21, , 37, 13, 20, 2, 
2016/11/22, , 42, 14, 20, 3, 
2016/11/23, , 43, 9, 22, 3, 
2016/11/24, , 55, 12, 14, 2, 
2016/11/25, , 59, 12, 9, 1, 
2016/11/26, , 50, 8, 9, , 
2016/11/27, , 29, 28, 7, , 
2016/11/28, , 8, 28, 13, , 
2016/11/29, , 16, 19, 23, 2, 
2016/11/30, , 36, 13, 26, 1, 
2016/12/1, , 52, 14, 23, , 
2016/12/2, , 56, 19, 23, , 
2016/12/3, , 36, 21, 16, 3, 
2016/12/4, , 42, 20, 16, 6, 
2016/12/5, , 43, 10, 25, 2, 
2016/12/6, , 77, 11, 16, 1, 
2016/12/7, , 50, 11, 9, , 
2016/12/8, , 33, 9, 14, , 
2016/12/9, , 39, 7, 29, , 
2016/12/10, , 73, 19, 18, , 
2016/12/11, , 62, 16, 24, , 
2016/12/12, , 64, 24, 14, , 
2016/12/13, , 23, 11, 25, 1, 
2016/12/14, , 61, 6, 27, 1, 
2016/12/15, , 70, 15, 13, 1, 
2016/12/16, , 31, 10, 13, , 
2016/12/17, , 51, 10, 13, , 
2016/12/18, , 44, 12, 10, , 
2016/12/19, , 36, 13, 9, 2, 
2016/12/20, , 28, 14, 9, 8, 
2016/12/21, , 28, 14, 8, 12, 
2016/12/22, , 28, 14, 8, 2, 
2016/12/23, , 30, 5, 12, , 
2016/12/24, , 46, , , , 
2016/12/27, , 60, 24, 11, , 
2016/12/28, , 22, 30, 10, , 
2016/12/29, , 15, 16, 25, , 
2016/12/30, , 47, 17, 23, 1, 
2016/12/31, , 63, 23, 21, 1, 
2017/1/1, , 96, 16, 28, 1, 
2016/7/1, , 21, 212, 12, , 
2016/7/2, , 25, 122, 5, , 
2016/7/3, , 12, 38, 8, , 
2016/7/4, , 14, 44, 12, , 
2016/7/5, , 23, 36, 12, , 
2016/7/6, , 17, 44, 6, , 
2016/7/7, , 13, 48, 10, 2, 
2016/7/8, , 21, 57, 10, , 
2016/7/9, , 21, 52, 11, 1, 
2016/7/10, , 21, 47, 11, , 
2016/7/11, , 21, 49, 11, 1, 
2016/7/12, , 28, 199, 7, , 
2016/7/13, , 22, 214, 4, , 
2016/7/14, , 9, 35, 4, , 
2016/7/15, , 11, 28, 4, , 
2016/7/16, , 10, 38, 6, , 
2016/7/17, , 12, 40, 11, , 
2016/7/18, , 12, 53, 11, , 
2016/7/19, , 14, 74, 12, , 
2016/7/20, , 18, 43, 9, , 
2016/7/21, , 20, 48, 8, , 
2016/7/22, , 21, 55, 10, , 
2016/7/23, , 24, 59, 8, , 
2016/7/24, , 24, 79, 8, , 
2016/7/25, , 22, 304, 10, , 
2016/7/26, , 19, 160, 11, , 
2016/7/27, , 20, , 9, , 
2016/7/28, , 17, , 12, , 
2016/7/29, , 15, , 10, , 
2016/7/30, , 17, , 7, , 
2016/7/31, , 18, , 7, , 
2016/8/1, , 14, , 9, , 
2016/8/2, , 14, , 11, , 
2016/8/3, , 17, , 10, 2, 
2016/8/4, , 23, , 7, 2, 
2016/8/5, , 23, , 4, 1, 
2016/8/6, , 9, , 4, , 
2016/8/7, , 11, , 13, , 
2016/8/8, , 16, , 10, , 
2016/8/9, , 17, , 5, 1, 
2016/8/10, , 10, , 8, , 
2016/8/11, , 11, , 10, , 
2016/8/12, , 16, , 7, , 
2016/8/13, , 17, , 10, , 
2016/8/14, , 18, , , , 
2016/8/16, , 35, , 10, , 
2016/8/17, , 28, , 11, , 
2016/8/18, , 25, , 10, 1, 
2016/8/19, , 27, , 7, , 
2016/8/20, , 21, , 7, , 
2016/8/21, , 23, , 8, , 
2016/8/22, , 9, , 7, , 
2016/8/23, , 12, , 10, , 
2016/8/24, , 17, , 10, , 
2016/8/25, , 18, , 12, , 
2016/8/26, , 22, , 13, 3, 
2016/8/27, , 28, , 12, 3, 
2016/8/28, , 30, , 10, , 
2016/8/29, , 30, , 11, , 
2016/8/30, , 15, , 11, , 
2016/9/5, , 8, , 6, , 
2016/9/6, , 9, , 5, , 
2016/9/7, , 20, , 12, 1, 
2016/9/8, , 26, , 14, , 
2016/9/9, , 30, , 10, , 
2016/9/10, , 26, , 13, 2, 
2016/9/11, , 32, , 15, , 
2016/9/12, , 35, , 18, 1, 
2016/9/13, , 34, , 14, 3, 
2016/9/14, , 41, , 13, , 
2016/9/15, , 37, , 9, , 
2016/9/16, , 22, , 9, , 
2016/9/17, , 7, , 9, , 
2016/9/18, , 11, , 8, , 
2016/9/19, , 8, , 5, , 
2016/9/20, , 14, , 3, , 
2016/9/21, , 13, 21, 11, , 
2016/9/22, , 20, 19, 10, , 
2016/9/23, , 17, 32, 8, , 
2016/9/24, , 23, 24, , , 
2016/9/25, , 19, 17, 23, , 
2016/9/26, , 31, 22, 13, , 
2016/9/27, , 25, 27, 23, , 
2016/9/28, , 25, 27, 13, , 
2016/9/29, , 21, 36, 10, , 
2016/9/30, , 21, 43, 6, , 
2016/4/1, , 14, , , , 
2016/4/5, , 26, , 6, 2, 
2016/4/6, , 22, 45, 10, 2, 
2016/4/7, , 16, , 8, , 
2016/4/8, , 17, , 3, , 
2016/4/9, , 11, , 11, , 
2016/4/10, , 12, , 8, , 
2016/4/11, , 14, , 8, , 
2016/4/12, , 14, , , , 
2016/4/14, , 6, , 5, , 
2016/4/15, , 11, , 3, , 
2016/4/16, , 10, , 5, , 
2016/4/17, , 15, , 5, , 
2016/4/18, , 12, , 8, , 
2016/4/19, , 18, , , , 
2016/4/20, , 24, , , , 
2016/4/21, , 26, , , , 
2016/4/22, , 23, , , , 
2016/4/23, , 17, , , , 
2016/4/24, , 13, , , 1, 
2016/4/25, , 12, , , , 
2016/4/26, , 17, , , 2, 
2016/4/27, , 12, , , , 
2016/4/28, , 10, , , , 
2016/4/29, , 20, , , 1, 
2016/4/30, , 22, , , 1, 
2016/5/1, , 32, , , , 
2016/5/2, , 12, , , , 
2016/5/3, , 16, , , , 
2016/5/4, , 11, , , , 
2016/5/5, , 14, , , , 
2016/5/6, , 24, , , 1, 
2016/5/7, , 25, , , , 
2016/5/8, , 22, , , , 
2016/5/9, , 15, , , , 
2016/5/12, , 15, , 5, 3, 
2016/5/13, , 12, , 7, , 
2016/5/14, , 10, , 5, , 
2016/5/15, , 11, , 11, , 
2016/5/16, , 16, , 10, , 
2016/5/17, , 16, , 11, , 
2016/5/18, , 14, , 10, , 
2016/5/19, , 10, , 8, , 
2016/5/20, , 16, , 13, , 
2016/5/21, , 19, , 13, , 
2016/5/22, , 23, , 12, , 
2016/5/23, , 20, , 7, , 
2016/5/24, , 9, , 12, , 
2016/5/25, , 15, , 8, , 
2016/5/26, , 18, , 11, , 
2016/5/27, , 21, , 9, , 
2016/5/28, , 23, , 6, , 
2016/5/29, , 22, , 6, , 
2016/5/30, , 12, , 6, , 
2016/5/31, , 12, , 6, , 
2016/6/1, , 11, , 8, , 
2016/6/2, , 11, , 9, , 
2016/6/3, , 11, , 6, , 
2016/6/4, , 11, , 8, , 
2016/6/5, , 13, , 11, , 
2016/6/6, , 15, , 12, , 
2016/6/7, , 21, , 12, , 
2016/6/8, , 23, , 9, 2, 
2016/6/9, , 27, , 9, , 
2016/6/10, , 16, , 6, , 
2016/6/11, , 13, , 6, , 
2016/6/12, , 9, , 8, , 
2016/6/13, , 13, , 7, , 
2016/6/14, , 12, , 6, , 
2016/6/15, , 11, , 9, , 
2016/6/16, , 20, , 8, , 
2016/6/17, , 19, , 8, , 
2016/6/18, , 13, , 8, , 
2016/6/19, , 12, , 7, , 
2016/6/20, , 6, , , , 
2016/6/23, , 26, , 10, , 
2016/6/24, , 35, , 6, , 
2016/6/25, , 34, , 4, , 
2016/6/26, , 15, , 5, , 
2016/6/27, , 12, , 6, , 
2016/6/28, , 13, , 11, , 
2016/6/29, , 15, 10, 14, , 
2016/6/30, , 22, 58, 13, , 
2016/1/4, , 46, 18, 13, 6, 
2016/1/5, , 63, 16, 10, 4, 
2016/1/6, , 59, 12, 18, 2, 
2016/1/7, , 55, 2, 31, , 
2016/1/8, , 85, 6, 33, , 
2016/1/9, , 122, 12, 25, , 
2016/1/10, , 112, 30, 15, 3, 
2016/1/11, , 50, 21, 16, , 
2016/1/12, , 25, 7, 16, , 
2016/1/13, , 58, 5, 15, 1, 
2016/1/14, , 70, 11, 12, , 
2016/1/15, , 47, 21, 7, , 
2016/1/16, , 33, 22, 4, 1, 
2016/1/17, , 20, 20, 11, 1, 
2016/1/18, , 32, 16, 16, 3, 
2016/1/19, , 74, 12, 19, 2, 
2016/1/20, , 95, 13, 16, 2, 
2016/1/21, , 75, 18, 14, 1, 
2016/1/22, , 48, 10, 17, , 
2016/1/23, , 78, 14, 23, 3, 
2016/1/24, , 102, 8, 23, 2, 
2016/1/25, , 98, 10, 30, 2, 
2016/1/26, , 99, 17, 18, 1, 
2016/1/27, , 62, 22, 10, , 
2016/1/28, , 27, 14, 17, , 
2016/1/29, , 53, 25, 12, , 
2016/1/30, , 46, 27, 6, , 
2016/1/31, , 17, 22, 9, , 
2016/2/1, , 29, 25, 6, , 
2016/2/2, , 19, 28, 14, , 
2016/2/3, , 18, 20, 12, , 
2016/2/4, , 20, 16, 11, , 
2016/2/5, , 33, 28, 9, , 
2016/2/6, , 33, 29, 8, , 
2016/2/7, , 18, 28, 4, , 
2016/2/8, , 16, 33, 2, , 
2016/2/9, , 11, 30, 10, , 
2016/2/10, , 13, 20, 14, , 
2016/2/11, , 31, 14, 16, 2, 
2016/2/12, , 38, 24, 9, , 
2016/2/13, , 21, 9, 13, , 
2016/2/14, , 44, 14, 10, , 
2016/2/15, , 33, 15, 6, , 
2016/2/16, , 17, , 7, , 
2016/2/17, , 26, , 7, , 
2016/2/18, , 28, , 6, , 
2016/2/19, , 14, , 7, , 
2016/2/20, , 21, , 8, , 
2016/2/21, , 23, , 3, , 
2016/2/22, , 16, , 5, , 
2016/2/23, , 18, , 15, , 
2016/2/24, , 19, , 11, , 
2016/2/25, , 35, , 13, , 
2016/2/26, , 25, , 12, 4, 
2016/2/27, , 56, , 14, 1, 
2016/2/28, , 60, 18, 7, , 
2016/2/29, , 31, 18, 8, , 
2016/3/1, , 24, 30, 7, , 
2016/3/2, , 24, 35, 4, 2, 
2016/3/3, , 18, 32, 10, , 
2016/3/4, , 12, 43, 10, , 
2016/3/5, , 26, 39, 9, , 
2016/3/6, , 16, 30, 5, , 
2016/3/7, , 16, 34, 5, , 
2016/3/8, , 18, 31, 9, , 
2016/3/9, , 24, 43, 6, , 
2016/3/10, , 24, 31, 3, , 
2016/3/11, , 19, 23, 1, , 
2016/3/12, , 20, 25, 1, , 
2016/3/13, , 18, 40, 10, , 
2016/3/14, , 24, 30, 10, , 
2016/3/15, , 33, 29, 5, , 
2016/3/16, , 24, 40, 14, , 
2016/3/17, , 34, 42, 18, , 
2016/3/18, , 49, 43, 14, , 
2016/3/19, , 48, 49, 5, , 
2016/3/20, , 25, 42, 7, , 
2016/3/21, , 34, 36, 9, , 
2016/3/22, , 32, 30, 7, , 
2016/3/23, , 22, 38, 10, , 
2016/3/24, , 21, 38, 11, , 
2016/3/25, , 25, 37, 7, , 
2016/3/26, , 25, 42, 6, , 
2016/3/27, , 24, 43, 4, , 
2016/3/28, , 17, 41, 3, , 
2016/3/29, , 13, 30, 9, , 
2016/3/30, , 11, , 6, , 
2016/3/31, , 12, , 6, , 
2015/10/12, , 31, 20, 9, , 
2015/10/13, , 39, 15, 8, 1, 
2015/10/14, , 21, 8, 5, 1, 
2015/10/15, , 13, 4, 9, , 
2015/10/16, , 15, 14, 10, , 
2015/10/17, , 21, 21, 11, , 
2015/10/18, , 31, 10, 8, , 
2015/10/19, , 16, 9, 14, , 
2015/10/20, , 15, 16, 10, , 
2015/10/21, , 32, 14, 13, , 
2015/10/22, , 20, 22, 7, 1, 
2015/10/23, , 33, 13, 14, , 
2015/10/24, , 35, 20, 11, , 
2015/10/25, , 51, 9, 14, , 
2015/10/26, , 55, 15, 14, 1, 
2015/10/27, , 51, 16, 11, 8, 
2015/10/28, , 48, 20, 9, 1, 
2015/10/29, , 52, 12, 7, 2, 
2015/10/30, , 39, 27, 10, 4, 
2015/11/2, , 77, 4, 37, 3, 
2015/11/3, , 70, 15, 19, 1, 
2015/11/4, , 74, 19, 19, 2, 
2015/11/5, , 88, 22, 26, 2, 
2015/11/6, , 93, 10, 31, 2, 
2015/11/7, , 84, 3, 17, 1, 
2015/11/9, , 59, 13, 30, 2, 
2015/11/10, , 58, 10, 23, 1, 
2015/11/11, , 70, 15, 29, 2, 
2015/11/12, , 58, 13, 22, 3, 
2015/11/13, , 56, 14, 19, 2, 
2015/11/14, , 53, 12, 15, 1, 
2015/11/15, , 46, 17, 11, 2, 
2015/11/16, , 46, 16, 22, 3, 
2015/11/17, , 50, 15, 18, 1, 
2015/11/18, , 24, 16, 10, , 
2015/11/19, , 24, 16, 11, , 
2015/11/20, , 22, 31, 7, , 
2015/11/21, , 10, 27, 12, , 
2015/11/22, , 25, 8, 12, , 
2015/11/23, , 44, 5, 16, 3, 
2015/11/24, , 25, 15, 10, , 
2015/11/25, , 24, 19, 9, 5, 
2015/11/26, , 21, 20, 4, 3, 
2015/11/30, , 41, 17, 22, 1, 
2015/12/1, , 34, 19, 16, , 
2015/12/2, , 43, 13, 19, , 
2015/12/3, , 51, 6, 15, , 
2015/12/4, , 25, 13, 9, , 
2015/12/5, , 20, 12, 8, , 
2015/12/6, , 15, 12, 7, , 
2015/12/7, , 29, 5, 12, , 
2015/12/8, , 18, 7, 8, , 
2015/12/9, , 21, 12, 7, , 
2015/12/10, , 42, 9, 14, , 
2015/12/11, , 43, 8, 14, , 
2015/12/12, , 31, 6, 11, , 
2015/12/13, , 26, 9, 7, , 
2015/12/14, , 45, 8, 13, , 
2015/12/15, , 51, 5, 8, , 
2015/12/16, , 43, 7, 11, , 
2015/12/17, , 18, 12, 5, , 
2015/12/18, , 15, 14, 1, , 
2015/12/20, , 32, 7, 8, , 
2015/12/21, , 26, 9, 14, , 
2015/12/22, , 41, 12, 18, , 
2015/12/23, , 49, 10, 20, , 
2015/12/24, , 47, 8, 18, , 
2015/12/27, , 109, 14, 19, , 
2015/12/28, , 99, 6, 19, 1, 
2015/12/29, , 85, 7, 12, , 
2015/12/30, , 31, 15, 8, 1, 
2015/7/1, , 20, 47, 13, , 
2015/7/2, , 25, 50, 12, , 
2015/7/3, , 32, 54, 9, , 
2015/7/4, , 27, 46, 14, , 
2015/7/5, , 24, 66, 12, , 
2015/7/6, , 30, 66, 13, , 
2015/7/7, , 34, , 6, , 
2015/7/8, , 31, 18, 12, , 
2015/7/9, , 10, , , , 
2015/7/13, , 20, 48, 7, 1, 
2015/7/14, , 17, 50, 10, 1, 
2015/7/15, , 19, 61, 8, 1, 
2015/7/16, , 26, 72, 11, , 
2015/7/17, , 29, 76, 11, , 
2015/7/18, , 25, 62, 10, , 
2015/7/19, , 25, 55, 9, , 
2015/7/20, , 25, 49, 9, , 
2015/7/21, , 24, 62, 10, 6, 
2015/7/22, , 28, 67, 11, 2, 
2015/7/23, , 34, 68, 12, 1, 
2015/7/24, , 27, 52, 6, , 
2015/7/25, , 19, 30, 5, , 
2015/7/26, , 13, 24, 10, , 
2015/7/27, , 15, 39, 9, , 
2015/7/28, , 14, 41, 7, , 
2015/7/29, , 14, 34, 6, , 
2015/7/30, , 9, 38, 11, , 
2015/7/31, , 14, 45, 12, , 
2015/8/1, , 20, 57, 8, , 
2015/8/2, , 22, 53, 9, , 
2015/8/3, , 24, 60, 11, , 
2015/8/4, , 28, 65, 10, , 
2015/8/5, , 30, 65, 12, , 
2015/8/6, , 35, 62, 12, , 
2015/8/7, , 33, 66, 11, 2, 
2015/8/8, , 34, 61, 9, 3, 
2015/8/9, , 30, 62, 12, 2, 
2015/8/10, , 30, 62, 17, 2, 
2015/8/11, , 34, 71, 17, , 
2015/8/12, , 36, 79, 14, , 
2015/8/13, , 31, 78, 15, 1, 
2015/8/14, , 37, 71, 10, , 
2015/8/15, , 31, 46, 5, , 
2015/8/16, , 15, 31, 6, , 
2015/8/17, , 9, 39, 5, , 
2015/8/18, , 8, 35, 7, , 
2015/8/19, , 12, 26, 6, , 
2015/8/20, , 13, 31, 8, , 
2015/8/21, , 16, 38, 8, , 
2015/8/22, , 17, 32, 8, 2, 
2015/8/23, , 23, 28, 11, 1, 
2015/8/24, , 26, 33, 10, , 
2015/8/25, , 17, 32, 7, , 
2015/8/26, , 11, 26, 9, , 
2015/8/27, , 20, 40, 12, , 
2015/8/28, , 19, 42, 16, , 
2015/8/29, , 23, 57, 15, 6, 
2015/8/30, , 31, 42, 14, 1, 
2015/8/31, , 25, 42, 11, , 
2015/9/1, , 21, 38, 9, 1, 
2015/9/2, , 21, 40, 13, , 
2015/9/3, , 19, 34, 9, , 
2015/9/4, , 16, 29, 6, , 
2015/9/5, , 9, 30, 5, , 
2015/9/6, , 6, 25, 11, , 
2015/9/7, , 11, 27, 11, , 
2015/9/8, , 14, 29, 11, , 
2015/9/9, , 16, 26, 9, , 
2015/9/10, , 19, 26, 9, , 
2015/9/11, , 13, 34, 9, , 
2015/9/12, , 16, 37, 10, 1, 
2015/9/13, , 21, 30, 11, 2, 
2015/9/14, , 30, 29, 12, , 
2015/9/15, , 30, 31, 11, , 
2015/9/16, , 28, 31, 15, , 
2015/9/17, , 36, 39, 18, 1, 
2015/9/18, , 35, 36, 9, 1, 
2015/9/19, , 17, 22, 7, , 
2015/9/20, , 13, 38, 11, , 
2015/9/21, , 10, 38, 18, 4, 
2015/9/22, , 23, 36, 12, 1, 
2015/9/23, , 24, 31, 11, , 
2015/9/24, , 13, 14, 14, , 
2015/9/25, , 15, 30, 5, , 
2015/4/1, , 5, 33, , , 
2015/4/2, , 11, 39, , 2, 
2015/4/3, , 7, 35, , 1, 
2015/4/4, , 22, 36, , 1, 
2015/4/5, , 9, 41, , 3, 
2015/4/6, , 5, 36, , 5, 
2015/4/7, , 10, 27, , 1, 
2015/4/8, , 19, 34, , 2, 
2015/4/9, , 16, 41, , 2, 
2015/4/10, , 33, 54, , 1, 
2015/4/11, , 17, 44, , , 
2015/4/12, , 15, 20, , , 
2015/4/13, , 21, , 22, , 
2015/4/15, , 23, 49, 7, 2, 
2015/4/16, , 17, 47, 6, , 
2015/4/17, , 17, 29, 6, , 
2015/4/18, , 13, 37, 10, , 
2015/4/19, , 12, 42, 17, 3, 
2015/4/20, , 20, 39, 16, 1, 
2015/4/21, , 27, 45, 15, 1, 
2015/4/22, , 20, 45, 11, 3, 
2015/4/23, , 20, 41, 13, 1, 
2015/4/24, , 14, 46, 6, , 
2015/4/25, , 13, 46, 3, , 
2015/4/26, , 14, 44, 10, , 
2015/4/27, , 17, 36, 8, , 
2015/4/28, , 10, 35, 12, , 
2015/4/29, , 11, 36, 14, 2, 
2015/4/30, , 20, 42, 6, , 
2015/5/1, , 11, 39, 5, , 
2015/5/2, , 5, 35, 5, , 
2015/5/3, , 10, 35, 7, , 
2015/5/4, , 13, 35, 8, , 
2015/5/5, , 14, 40, 9, 1, 
2015/5/6, , 21, 47, 7, 1, 
2015/5/7, , 9, 51, 11, 2, 
2015/5/8, , 16, 61, 9, 2, 
2015/5/9, , 17, 41, 5, , 
2015/5/10, , 8, 47, 8, , 
2015/5/11, , 12, 42, 15, , 
2015/5/12, , 16, 61, 12, , 
2015/5/13, , 22, 60, 8, 2, 
2015/5/14, , 21, 30, 6, 1, 
2015/5/15, , 9, 40, 7, , 
2015/5/16, , 12, 45, 8, 3, 
2015/5/17, , 16, 48, 9, 1, 
2015/5/18, , 15, 40, 11, 2, 
2015/5/19, , 25, 39, 11, , 
2015/5/20, , 23, 30, 10, , 
2015/5/21, , 5, 33, 4, , 
2015/5/22, , 7, 32, 6, , 
2015/5/23, , 4, 32, 8, , 
2015/5/24, , 13, 30, 8, 1, 
2015/5/25, , 11, 36, 9, , 
2015/5/26, , 10, 33, 5, , 
2015/5/27, , 8, 34, 7, , 
2015/5/28, , 11, 38, 12, , 
2015/5/29, , 15, 49, 9, , 
2015/5/30, , 16, 39, 6, , 
2015/5/31, , 10, 38, 11, , 
2015/6/1, , 16, 47, 11, , 
2015/6/2, , 19, 47, 15, , 
2015/6/3, , 28, 55, 11, , 
2015/6/4, , 24, 49, 7, , 
2015/6/5, , 22, 57, 8, 3, 
2015/6/6, , 24, 51, 7, 2, 
2015/6/7, , 25, 48, 11, 3, 
2015/6/8, , 28, 49, 11, , 
2015/6/9, , 32, 53, 10, , 
2015/6/10, , 23, 54, 12, , 
2015/6/11, , 27, 41, 10, , 
2015/6/12, , 27, 46, 6, , 
2015/6/13, , 21, 44, 6, , 
2015/6/14, , 22, 38, 7, , 
2015/6/15, , 15, 42, 5, , 
2015/6/16, , 10, 40, 4, , 
2015/6/17, , 9, 47, 9, , 
2015/6/26, , 14, 50, 10, 1, 
2015/6/27, , 19, 39, 6, , 
2015/6/28, , 11, 22, 7, , 
2015/6/29, , 12, 53, 13, 2, 
2015/6/30, , 21, 47, 12, , 
2015/1/16, , 25, 22, 14, , 
2015/1/17, , 29, 24, 12, 2, 
2015/1/18, , 24, 9, 11, , 
2015/1/19, , 20, 8, 14, , 
2015/1/20, , 24, 9, 12, 1, 
2015/1/21, , 27, 4, 11, , 
2015/1/22, , 21, 13, 7, 2, 
2015/1/23, , 9, 15, 5, 2, 
2015/1/24, , 10, 11, 7, 1, 
2015/1/25, , 15, 13, 8, 1, 
2015/1/26, , 16, 21, 12, 1, 
2015/1/27, , 30, 8, 17, 1, 
2015/1/28, , 34, 18, 19, 1, 
2015/1/29, , 35, 8, 18, 2, 
2015/1/30, , 23, 11, 12, 2, 
2015/1/31, , 15, 25, 13, 1, 
2015/2/1, , 28, 21, 13, 2, 
2015/2/2, , 15, 21, 13, 1, 
2015/2/3, , 43, 6, 20, 1, 
2015/2/4, , 30, 16, 13, 1, 
2015/2/5, , 17, 23, 5, 1, 
2015/2/6, , 13, 25, 6, 2, 
2015/2/7, , 31, 22, 13, 3, 
2015/2/8, , 42, 30, 14, 2, 
2015/2/9, , 13, 27, 12, 1, 
2015/2/10, , 23, 17, 19, 1, 
2015/2/11, , 40, 12, 22, 2, 
2015/2/12, , 30, 16, 20, 1, 
2015/2/13, , 55, 20, 29, 3, 
2015/2/14, , 62, 20, 24, 1, 
2015/2/15, , 56, 33, 18, 4, 
2015/2/16, , 47, 31, 17, 7, 
2015/2/17, , 25, 24, 8, 3, 
2015/2/18, , 29, 26, 17, 2, 
2015/2/19, , 45, 26, 21, 3, 
2015/2/20, , 56, 21, 27, 3, 
2015/2/21, , 36, 34, 19, 1, 
2015/2/22, , 36, 22, 15, 1, 
2015/2/23, , 16, 18, 11, 1, 
2015/2/24, , 19, 24, 10, 1, 
2015/2/25, , 8, 25, 9, 3, 
2015/2/26, , 16, 19, 12, 1, 
2015/2/27, , 33, , 16, , 
2015/2/28, , 29, , 14, , 
2015/3/1, , 23, , 6, , 
2015/3/2, , 9, , 6, , 
2015/3/3, , 17, , 16, 6, 
2015/3/4, , 30, , 16, 2, 
2015/3/5, , 7, , 3, 5, 
2015/3/6, , 7, , 3, 3, 
2015/3/7, , 18, , 10, 1, 
2015/3/8, , 24, , 10, 2, 
2015/3/9, , 24, 5, 16, 4, 
2015/3/10, , 43, 37, 23, 3, 
2015/3/11, , 36, 22, 19, 2, 
2015/3/12, , 11, 28, 6, 4, 
2015/3/13, , 38, 25, 8, 2, 
2015/3/14, , 29, 22, 10, 2, 
2015/3/15, , 34, 32, 8, 5, 
2015/3/16, , 34, 31, 9, 8, 
2015/3/17, , 45, 31, 8, 4, 
2015/3/18, , 41, 38, 16, 1, 
2015/3/19, , 38, 40, 17, 1, 
2015/3/20, , 52, 38, 23, 2, 
2015/3/21, , 40, 46, 16, 1, 
2015/3/22, , 27, 43, 4, 1, 
2015/3/23, , 32, 26, 17, 2, 
2015/3/24, , 42, 36, 16, 2, 
2015/3/25, , 36, 21, 14, 1, 
2015/3/26, , 27, 30, 12, 3, 
2015/3/27, , 23, 28, 14, 2, 
2015/3/28, , 9, 35, , 2, 
2015/3/29, , 17, 37, , 1, 
2015/3/30, , 19, 39, , 1, 
2015/3/31, , 12, 41, , 1, 
2014/10/1, , 19, 24, 8, 1, 
2014/10/2, , 15, 14, 10, 1, 
2014/10/3, , 20, 17, 4, 2, 
2014/10/4, , 24, 22, 5, 4, 
2014/10/5, , 30, 27, 12, 4, 
2014/10/6, , 33, 15, 12, 2, 
2014/10/7, , 37, 30, 7, , 
2014/10/8, , 14, 33, 9, , 
2014/10/9, , 14, 32, 13, , 
2014/10/10, , 15, 32, 9, , 
2014/10/11, , 19, 31, 10, , 
2014/10/12, , 22, 30, 13, , 
2014/10/13, , 25, 24, 12, , 
2014/10/14, , 17, 15, 12, , 
2014/10/15, , 12, 14, 9, , 
2014/10/16, , 17, 24, 9, , 
2014/10/17, , 12, 24, 9, , 
2014/10/18, , 10, 19, 10, , 
2014/10/19, , 12, 25, 10, , 
2014/10/20, , 14, 18, 13, , 
2014/10/21, , 24, 26, 8, , 
2014/10/22, , 11, 8, 9, , 
2014/10/23, , 7, 17, 6, , 
2014/10/24, , 9, 15, 4, , 
2014/10/25, , 13, 13, 6, , 
2014/10/26, , 20, 20, 9, 3, 
2014/10/27, , 24, 17, 13, 2, 
2014/10/28, , 28, 11, 18, 5, 
2014/10/29, , 41, 16, 20, 5, 
2014/10/30, , 52, 10, 19, 1, 
2014/10/31, , 46, 23, 12, , 
2014/11/1, , 27, 13, 14, , 
2014/11/2, , 32, 11, 15, , 
2014/11/3, , 35, 25, 19, 1, 
2014/11/4, , 23, 22, 16, 2, 
2014/11/5, , 24, 16, 13, 3, 
2014/11/6, , 19, 11, 13, 2, 
2014/11/7, , 38, 17, 8, , 
2014/11/8, , 14, 15, 5, , 
2014/11/9, , 14, 10, 10, 1, 
2014/11/10, , 27, 10, 13, , 
2014/11/11, , 45, 12, 11, 3, 
2014/11/12, , 41, 8, 10, 3, 
2014/11/13, , 26, 5, 11, 1, 
2014/11/14, , 38, 12, 8, , 
2014/11/15, , 35, 15, 11, , 
2014/11/16, , 30, 15, 12, , 
2014/11/17, , 13, 21, 9, , 
2014/11/18, , 9, 22, 15, 1, 
2014/11/19, , 17, 6, 11, , 
2014/11/20, , 23, 4, 15, 1, 
2014/11/21, , 17, 10, 8, 1, 
2014/7/1, , 7, 33, 11, , 
2014/7/2, , 10, 43, 7, , 
2014/7/3, , 6, 41, 12, , 
2014/7/4, , 16, 39, 9, 2, 
2014/7/5, , 20, 44, 7, , 
2014/7/6, , 12, 36, 10, , 
2014/7/7, , 27, 34, 6, , 
2014/7/8, , 13, 28, 6, , 
2014/7/9, , 10, 16, 8, , 
2014/7/10, , 5, 16, 7, , 
2014/7/11, , 6, 33, 6, , 
2014/7/12, , 7, 39, 6, , 
2014/7/13, , 7, 39, 7, , 
2014/7/14, , 8, 36, 10, , 
2014/7/15, , 12, 47, 8, , 
2014/7/16, , 13, 48, 8, , 
2014/7/17, , 15, 48, 12, , 
2014/7/18, , 15, 53, 10, , 
2014/7/19, , 22, 41, 8, , 
2014/7/20, , 20, 38, 6, , 
2014/7/21, , 14, 33, 8, , 
2014/7/22, , 10, 40, 6, , 
2014/7/23, , 12, 40, 8, , 
2014/7/24, , 12, 42, 9, , 
2014/7/25, , 16, 44, 8, 3, 
2014/7/26, , 19, 41, 3, , 
2014/7/27, , 11, 28, 8, , 
2014/7/28, , 10, 31, 7, , 
2014/7/29, , 9, 33, 7, 4, 
2014/7/30, , 13, 35, 7, 1, 
2014/7/31, , 11, 37, 5, , 
2014/8/1, , 9, 38, 9, 2, 
2014/8/2, , 18, 37, 7, 1, 
2014/8/3, , 15, 43, 5, , 
2014/8/4, , 13, 31, 4, , 
2014/8/5, , 11, 34, 5, , 
2014/8/6, , 8, 40, 9, , 
2014/8/7, , 13, 43, 11, , 
2014/8/8, , 15, 38, 10, , 
2014/8/9, , 15, 41, 6, , 
2014/8/10, , 12, 39, 6, , 
2014/8/11, , 14, 34, 4, , 
2014/8/12, , 12, 31, 5, , 
2014/8/13, , 13, 28, 3, , 
2014/8/14, , 7, 32, 4, , 
2014/8/15, , 6, 30, 5, , 
2014/8/16, , 6, 25, 11, , 
2014/8/17, , 12, 31, 9, , 
2014/8/18, , 8, 34, 4, , 
2014/8/19, , 7, 35, 7, , 
2014/8/20, , 13, 33, 3, , 
2014/8/21, , 6, , , , 
2014/8/27, , 7, 37, 9, , 
2014/8/28, , 8, 40, 10, 6, 
2014/8/29, , 15, 46, 9, 3, 
2014/8/30, , 21, 45, 11, 2, 
2014/8/31, , 25, 28, 3, 1, 
2014/9/1, , 9, 23, 8, , 
2014/9/2, , 4, 31, 5, , 
2014/9/3, , 11, 24, 4, , 
2014/9/4, , 21, 25, 11, , 
2014/9/5, , 21, 23, 5, 1, 
2014/9/6, , 16, 27, 7, , 
2014/9/7, , 19, 33, 12, 7, 
2014/9/8, , 26, 30, 10, 1, 
2014/9/9, , 31, 25, 6, , 
2014/9/10, , 13, 25, 8, , 
2014/9/11, , 10, 25, 6, , 
2014/9/12, , 6, 27, 6, , 
2014/9/13, , 13, 18, 8, , 
2014/9/14, , 8, 19, 12, , 
2014/9/15, , 10, 18, 11, , 
2014/9/16, , 11, 14, 8, , 
2014/9/17, , 16, 15, 11, 3, 
2014/9/18, , 26, 30, 9, 1, 
2014/9/19, , 17, 19, 9, , 
2014/9/20, , 15, 32, 6, , 
2014/9/21, , 12, 25, 9, 9, 
2014/9/22, , 6, 22, 9, 3, 
2014/9/23, , 11, 23, 9, , 
2014/9/24, , 12, 12, 14, , 
2014/9/25, , 13, 15, 10, , 
2014/9/26, , 12, 18, 8, , 
2014/9/27, , 25, 27, 9, , 
2014/9/28, , 16, 17, 11, , 
2014/9/29, , 18, 31, 11, , 
2014/9/30, , 18, 12, 11, , 
2014/6/7, , 16, 57, 10, , 
2014/6/8, , 18, 56, 15, , 
2014/6/9, , 24, 52, 13, , 
2014/6/10, , 24, 59, 18, , 
2014/6/11, , 31, 63, 14, , 
2014/6/12, , 30, 50, 10, , 
2014/6/13, , 16, 39, 5, , 
2014/6/14, , 19, 35, 4, , 
2014/6/15, , 10, 32, 7, , 
2014/6/16, , 12, 33, 8, , 
2014/6/17, , 10, 44, 11, , 
2014/6/18, , 17, 50, 8, , 
2014/6/19, , 17, 38, 5, , 
2014/6/20, , 11, 33, 6, , 
2014/6/21, , 6, 44, 6, , 
2014/6/22, , 11, 48, 7, , 
2014/6/23, , 16, 41, 5, , 
2014/6/24, , 10, 33, 5, , 
2014/6/25, , 7, 41, 6, , 
2014/6/26, , 6, 24, 7, , 
2014/6/27, , 9, , , , 
2014/6/30, , 4, 35, 6, , 
2024/9/4, , , 39, 12, , 
2024/9/5, , , 39, 10, , 
2024/9/6, , , 34, 12, , 
2020/10/24, , , 14, , , 
2020/10/27, , , 8, 21, , 
2020/10/28, , , 3, 39, 1, 
2020/10/29, , , 7, 29, 1, 
2020/10/30, , , 14, 13, 1, 
2020/10/31, , , 8, 9, 1, 
2020/11/1, , , 10, 13, 1, 
2020/11/2, , , 12, 23, 1, 
2020/12/29, , , 10, 18, 1, 
2020/9/26, , , 20, 7, , 
2020/4/1, , , 43, 3, , 
2020/4/2, , , 45, 11, 1, 
2020/4/3, , , 54, 11, 1, 
2020/4/4, , , 45, 2, , 
2020/4/5, , , 50, 2, , 
2020/4/6, , , 50, 4, 1, 
2020/4/7, , , 46, 5, 1, 
2020/4/8, , , 51, 9, 1, 
2020/4/9, , , 59, 15, 3, 
2020/4/10, , , 60, 11, 1, 
2020/4/11, , , 51, 4, , 
2020/4/12, , , 57, 1, , 
2020/4/13, , , 61, , , 
2020/4/14, , , 46, 4, , 
2020/4/15, , , 28, 7, , 
2019/12/31, , , 18, 15, 3, 
2020/1/4, , , 29, 6, 1, 
2020/1/21, , , 14, 19, 4, 
2019/10/6, , , 26, 4, , 
2019/10/13, , , 24, 17, , 
2019/10/26, , , 14, 16, 1, 
2019/11/1, , , 12, 7, , 
2019/11/2, , , 27, 7, , 
2019/11/3, , , 21, 13, , 
2019/11/4, , , 22, 15, , 
2019/11/5, , , 20, 9, , 
2019/11/6, , , 18, 11, , 
2019/11/7, , , 10, 10, , 
2019/11/8, , , 22, 8, , 
2019/11/9, , , 18, 7, , 
2019/11/10, , , 13, 7, , 
2019/11/11, , , 13, 6, , 
2019/11/12, , , 22, 10, , 
2019/11/13, , , 21, 9, , 
2019/11/14, , , 14, 8, 1, 
2019/11/15, , , 19, 8, , 
2019/11/16, , , 19, 6, , 
2019/11/17, , , 27, 12, , 
2019/11/18, , , 14, 16, 2, 
2019/11/19, , , 6, 13, 1, 
2019/11/20, , , 10, 9, 1, 
2019/11/21, , , 8, 12, 1, 
2019/11/22, , , 13, 5, 1, 
2019/11/23, , , 9, 8, 1, 
2019/11/24, , , 11, 6, 2, 
2019/11/25, , , 10, 8, 1, 
2019/11/26, , , 13, 2, , 
2019/11/27, , , 11, 17, 1, 
2019/11/28, , , 14, 16, 1, 
2019/11/29, , , 23, 15, 1, 
2019/11/30, , , 18, 14, 2, 
2019/12/1, , , 10, 12, 2, 
2019/12/2, , , 12, 9, 1, 
2019/12/3, , , 18, 8, , 
2019/12/4, , , 20, 5, 2, 
2019/12/5, , , 22, 8, , 
2019/8/5, , , 50, , , 
2019/4/22, , , 26, 7, 1, 
2019/1/9, , , 15, 9, 3, 
2019/1/13, , , 13, 25, 2, 
2018/10/23, , , 21, 9, 1, 
2018/10/24, , , 26, 14, 1, 
2018/10/25, , , 13, 15, 1, 
2018/10/29, , , 31, 6, , 
2018/10/30, , , 21, 21, 1, 
2018/7/29, , , 88, 11, , 
2018/8/19, , , 50, 16, 1, 
2018/8/26, , , 35, 10, , 
2018/9/9, , , 14, 15, 1, 
2018/9/16, , , 34, 15, 2, 
2017/12/31, , , 25, 6, , 
2017/10/1, , , 34, 16, 1, 
2017/10/2, , , 31, 20, 1, 
2017/10/3, , , 24, 17, , 
2017/10/4, , , 22, 16, , 
2017/10/5, , , 30, 9, , 
2017/10/6, , , 20, 11, , 
2017/10/7, , , 21, 11, , 
2017/10/8, , , 18, 12, , 
2017/10/9, , , 23, 10, , 
2017/10/10, , , 11, 14, , 
2017/10/14, , , 23, 14, , 
2017/10/15, , , 21, 15, , 
2017/9/10, , , 16, 15, , 
2017/9/12, , , 23, 9, , 
2017/9/23, , , 25, 9, , 
2017/9/24, , , 20, 8, , 
2017/9/25, , , 22, 11, , 
2017/9/26, , , 21, 11, , 
2017/9/27, , , 29, 14, 2, 
2017/9/28, , , 29, 14, 2, 
2017/9/29, , , 30, 13, 4, 
2017/9/30, , , 35, 16, 2, 
2017/5/7, , , 38, , , 
2017/5/14, , , 34, , , 
2017/6/20, , , 68, 16, , 
2017/1/8, , , 15, 14, , 
2017/1/15, , , 29, 4, , 
2017/2/5, , , 28, 7, 1, 
2016/10/24, , , 21, 14, , 
2016/10/25, , , 22, 9, 1, 
2016/12/26, , , 14, 28, 1, 
2016/4/4, , , 40, 8, , 
2016/4/13, , , 28, 7, , 
2016/1/3, , , 16, 8, 6, 
2015/10/1, , , 25, 11, 2, 
2015/10/2, , , 11, 11, 2, 
2015/10/3, , , 27, 7, , 
2015/10/4, , , 27, 7, , 
2015/10/5, , , 20, 15, , 
2015/10/6, , , 3, 9, , 
2015/10/9, , , 10, 10, , 
2015/10/10, , , 19, 3, 2, 
2015/10/11, , , 25, 3, , 
2015/12/25, , , 14, 12, , 
2015/12/26, , , 13, 16, , 
2015/7/12, , , 49, 6, , 
2015/9/26, , , 31, 4, 1, 
2015/9/27, , , 30, 8, , 
2015/9/28, , , 26, 6, 3, 
2015/9/29, , , 21, 6, 1, 
2015/9/30, , , 23, 8, , 
2015/4/14, , , 43, 11, 3, 
2015/6/18, , , 29, 14, , 
2015/6/19, , , 34, 5, , 
2015/6/20, , , 36, 5, , 
2015/6/21, , , 38, 8, , 
2015/6/22, , , 34, 6, , 
2015/6/23, , , 33, 10, , 
2015/6/24, , , 42, 8, , 
2015/6/25, , , 45, 11, 2, 
2015/1/2, , , 18, 34, 2, 
2015/1/3, , , 7, 33, 2, 
2015/1/4, , , 20, 20, 2, 
2015/1/5, , , 27, 16, 1, 
2015/1/6, , , 27, 12, 1, 
2015/1/7, , , 15, 19, 1, 
2015/1/8, , , 6, 23, 3, 
2015/1/9, , , 8, 20, 1, 
2015/1/10, , , 17, 9, , 
2015/1/11, , , 19, 11, , 
2015/1/12, , , 17, 13, , 
2015/1/13, , , 20, 13, 2, 
2015/1/14, , , 21, 12, , 
2015/1/15, , , 10, 19, 2, 
2014/11/22, , , 11, 11, 33, 
2014/11/23, , , 14, 10, 13, 
2014/11/24, , , 10, 11, 4, 
2014/11/25, , , 11, 8, 4, 
2014/11/26, , , 11, 8, 5, 
2014/11/27, , , 7, 10, 4, 
2014/11/28, , , 5, 6, 1, 
2014/11/29, , , 4, 5, , 
2014/11/30, , , 3, 6, , 
2014/12/1, , , 7, 5, , 
2014/12/2, , , 10, 8, 3, 
2014/12/3, , , 11, 8, 2, 
2014/12/4, , , 4, 12, 3, 
2014/12/5, , , 5, 7, 3, 
2014/12/6, , , 5, 9, 1, 
2014/12/7, , , 4, 10, , 
2014/12/8, , , 22, 4, 5, 
2014/12/9, , , 22, 16, 2, 
2014/12/10, , , 10, 18, 2, 
2014/12/11, , , 10, 18, 2, 
2014/12/12, , , 24, 13, 1, 
2014/12/13, , , 12, 23, 2, 
2014/12/14, , , 14, 27, 2, 
2014/12/15, , , 3, 24, 2, 
2014/12/16, , , 7, 20, 2, 
2014/12/17, , , 4, 16, 2, 
2014/12/18, , , 12, 19, 2, 
2014/12/19, , , 17, 18, 3, 
2014/12/20, , , 14, 19, 1, 
2014/12/21, , , 14, 15, , 
2014/12/22, , , 17, 13, , 
2014/12/23, , , 20, 11, , 
2014/12/24, , , 21, 10, , 
2014/12/25, , , 24, 10, 2, 
2014/12/27, , , 23, 2, 5, 
2014/8/26, , , 27, 4, , 
2014/6/6, , , 47, 10, 1, 
2014/6/29, , , 27, 6, , 
2017/9/9, , , , 6, , 
2016/8/15, , , , 10, 2, 
2016/8/31, , , , 17, , 
2016/9/1, , , , 19, , 
2016/9/2, , , , 16, , 
2016/9/3, , , , 13, , 
2016/9/4, , , , 10, , 
2016/5/11, , , , 12, , 
2016/6/22, , , , 9, , 
2019/1/2, , , , , , 
2019/1/3, , , , , , 
2019/1/4, , , , , , 
2019/1/5, , , , , , 
2019/1/6, , , , , , 
2019/1/7, , , , , , 
2019/1/8, , , , , , 
2016/5/10, , , , , , 