id,city_name,city_id,aqi,pm25,pm10,temperature,timestamp,,
1,"Zagreb-1, Croatia",1,90,90.00,46,26,02/14/23,,
1,"Zagreb-1, Croatia",1,122,122.00,47,26,02/15/23,,
1,"Zagreb-1, Croatia",1,161,161.00,71,35,02/16/23,,
1,"Zagreb-1, Croatia",1,102,102.00,37,13,02/17/23,,
1,"Zagreb-1, Croatia",1,111,111.00,39,8,02/18/23,,
1,"Zagreb-1, Croatia",1,73,73.00,23,11,02/19/23,,
1,"Zagreb-1, Croatia",1,67,67.00,23,17,02/20/23,,
1,"Zagreb-1, Croatia",1,79,79.00,26,11,02/21/23,,
1,"Zagreb-1, Croatia",1,109,109.00,44,25,02/22/23,,
1,"Zagreb-1, Croatia",1,141,141.00,59,29,02/23/23,,
1,"Zagreb-1, Croatia",1,86,86.00,32,12,02/24/23,,
1,"Zagreb-1, Croatia",1,41,41.00,13,8,02/25/23,,
1,"Zagreb-1, Croatia",1,26,26.00,6,10,02/26/23,,
1,"Zagreb-1, Croatia",1,56,56.00,16,12,02/27/23,,
1,"Zagreb-1, Croatia",1,71,71.00,22,11,02/28/23,,
1,"Zagreb-1, Croatia",1,72,72.00,22,11,03/01/23,,
1,"Zagreb-1, Croatia",1,88,88.00,29,17,03/02/23,,
1,"Zagreb-1, Croatia",1,114,114.00,46,15,03/03/23,,
1,"Zagreb-1, Croatia",1,102,102.00,39,16,03/04/23,,
1,"Zagreb-1, Croatia",1,75,75.00,25,16,03/05/23,,
1,"Zagreb-1, Croatia",1,75,75.00,26,18,03/06/23,,
1,"Zagreb-1, Croatia",1,69,69.00,23,11,03/07/23,,
1,"Zagreb-1, Croatia",1,32,32.00,9,7,03/08/23,,
1,"Zagreb-1, Croatia",1,29,29.00,11,9,03/09/23,,
1,"Zagreb-1, Croatia",1,60,60.00,22,21,03/10/23,,
1,"Zagreb-1, Croatia",1,44,44.00,13,14,03/11/23,,
1,"Zagreb-1, Croatia",1,39,39.00,11,12,03/12/23,,
1,"Zagreb-1, Croatia",1,68,68.00,25,17,03/13/23,,
1,"Zagreb-1, Croatia",1,28,28.00,10,13,03/14/23,,
1,"Zagreb-1, Croatia",1,23,23.00,7,11,03/15/23,,
1,"Zagreb-1, Croatia",1,41,41.00,13,18,03/16/23,,
1,"Zagreb-1, Croatia",1,74,74.00,28,25,03/17/23,,
1,"Zagreb-1, Croatia",1,63,63.00,22,22,03/18/23,,
1,"Zagreb-1, Croatia",1,64,64.00,23,14,03/19/23,,
1,"Zagreb-1, Croatia",1,57,57.00,18,10,03/20/23,,
1,"Zagreb-1, Croatia",1,87,87.00,33,19,03/21/23,,
1,"Zagreb-1, Croatia",1,78,78.00,31,25,03/22/23,,
1,"Zagreb-1, Croatia",1,61,61.00,23,20,03/23/23,,
1,"Zagreb-1, Croatia",1,47,47.00,16,8,03/24/23,,
1,"Zagreb-1, Croatia",1,33,33.00,9,11,03/25/23,,
1,"Zagreb-1, Croatia",1,63,63.00,20,17,03/26/23,,
1,"Zagreb-1, Croatia",1,10,10.00,3,9,03/27/23,,
1,"Zagreb-1, Croatia",1,22,22.00,7,14,03/28/23,,
1,"Zagreb-1, Croatia",1,61,61.00,23,24,03/29/23,,
1,"Zagreb-1, Croatia",1,27,27.00,9,5,03/30/23,,
1,"Zagreb-1, Croatia",1,31,31.00,10,6,03/31/23,,
1,"Zagreb-1, Croatia",1,23,23.00,6,9,04/01/23,,
1,"Zagreb-1, Croatia",1,35,35.00,10,13,04/02/23,,
1,"Zagreb-1, Croatia",1,26,26.00,11,5,04/03/23,,
1,"Zagreb-1, Croatia",1,35,35.00,13,9,04/04/23,,
1,"Zagreb-1, Croatia",1,47,47.00,16,16,04/05/23,,
1,"Zagreb-1, Croatia",1,49,49.00,28,17,04/06/23,,
1,"Zagreb-1, Croatia",1,75,75.00,24,9,04/07/23,,
1,"Zagreb-1, Croatia",1,75,75.00,12,4,04/08/23,,
1,"Zagreb-1, Croatia",1,51,51.00,15,11,04/09/23,,
1,"Zagreb-1, Croatia",1,56,56.00,24,14,04/10/23,,
1,"Zagreb-1, Croatia",1,21,21.00,8,7,04/16/23,,
1,"Zagreb-1, Croatia",1,29,29.00,11,8,04/17/23,,
1,"Zagreb-1, Croatia",1,41,41.00,14,16,04/18/23,,
1,"Zagreb-1, Croatia",1,49,49.00,17,17,04/19/23,,
1,"Zagreb-1, Croatia",1,53,53.00,20,16,04/20/23,,
1,"Zagreb-1, Croatia",1,56,56.00,24,19,04/21/23,,
1,"Zagreb-1, Croatia",1,61,61.00,18,13,04/22/23,,
1,"Zagreb-1, Croatia",1,50,50.00,12,19,04/23/23,,
1,"Zagreb-1, Croatia",1,42,42.00,5,10,04/24/23,,
1,"Zagreb-1, Croatia",1,17,17.00,10,13,04/25/23,,
1,"Zagreb-1, Croatia",1,34,34.00,13,17,04/26/23,,
1,"Zagreb-1, Croatia",1,41,41.00,18,18,04/27/23,,
1,"Zagreb-1, Croatia",1,50,50.00,12,11,04/28/23,,
1,"Zagreb-1, Croatia",1,36,36.00,9,9,04/29/23,,
1,"Zagreb-1, Croatia",1,34,34.00,13,10,04/30/23,,
1,"Zagreb-1, Croatia",1,44,44.00,15,14,05/01/23,,
1,"Zagreb-1, Croatia",1,53,53.00,9,8,05/02/23,,
1,"Zagreb-1, Croatia",1,33,33.00,15,15,05/03/23,,
1,"Zagreb-1, Croatia",1,46,46.00,19,20,05/04/23,,
1,"Zagreb-1, Croatia",1,53,53.00,21,18,05/05/23,,
1,"Zagreb-1, Croatia",1,58,58.00,13,10,05/06/23,,
1,"Zagreb-1, Croatia",1,45,45.00,17,12,05/07/23,,
1,"Zagreb-1, Croatia",1,57,57.00,15,13,05/08/23,,
1,"Zagreb-1, Croatia",1,45,45.00,16,13,05/09/23,,
1,"Zagreb-1, Croatia",1,51,51.00,14,12,05/10/23,,
1,"Zagreb-1, Croatia",1,52,52.00,6,15,05/11/23,,
1,"Zagreb-1, Croatia",1,22,22.00,12,10,05/12/23,,
1,"Zagreb-1, Croatia",1,44,44.00,10,8,05/13/23,,
1,"Zagreb-1, Croatia",1,38,38.00,8,12,05/14/23,,
1,"Zagreb-1, Croatia",1,28,28.00,6,12,05/15/23,,
1,"Zagreb-1, Croatia",1,21,21.00,5,13,05/16/23,,
1,"Zagreb-1, Croatia",1,19,19.00,12,11,05/17/23,,
1,"Zagreb-1, Croatia",1,39,39.00,16,11,05/18/23,,
1,"Zagreb-1, Croatia",1,54,54.00,20,13,05/19/23,,
1,"Zagreb-1, Croatia",1,60,60.00,17,10,05/20/23,,
1,"Zagreb-1, Croatia",1,52,52.00,19,17,05/21/23,,
1,"Zagreb-1, Croatia",1,53,53.00,21,17,05/22/23,,
1,"Zagreb-1, Croatia",1,52,52.00,13,13,05/23/23,,
1,"Zagreb-1, Croatia",1,45,45.00,12,12,05/24/23,,
1,"Zagreb-1, Croatia",1,41,41.00,18,13,05/25/23,,
1,"Zagreb-1, Croatia",1,50,50.00,18,12,05/28/23,,
1,"Zagreb-1, Croatia",1,53,53.00,15,11,05/29/23,,
1,"Zagreb-1, Croatia",1,47,47.00,18,16,05/30/23,,
1,"Zagreb-1, Croatia",1,54,54.00,21,18,05/31/23,,
1,"Zagreb-1, Croatia",1,60,60.00,20,20,06/01/23,,
1,"Zagreb-1, Croatia",1,53,53.00,16,13,06/02/23,,
1,"Zagreb-1, Croatia",1,48,48.00,17,13,06/03/23,,
1,"Zagreb-1, Croatia",1,50,50.00,16,19,06/04/23,,
1,"Zagreb-1, Croatia",1,55,55.00,16,19,06/05/23,,
1,"Zagreb-1, Croatia",1,50,50.00,14,20,06/06/23,,
1,"Zagreb-1, Croatia",1,45,45.00,12,11,06/07/23,,
1,"Zagreb-1, Croatia",1,38,38.00,13,14,06/08/23,,
1,"Zagreb-1, Croatia",1,39,39.00,14,14,06/09/23,,
1,"Zagreb-1, Croatia",1,44,44.00,12,6,06/10/23,,
1,"Zagreb-1, Croatia",1,44,44.00,11,11,06/11/23,,
1,"Zagreb-1, Croatia",1,33,33.00,15,17,06/12/23,,
1,"Zagreb-1, Croatia",1,35,35.00,14,17,06/13/23,,
1,"Zagreb-1, Croatia",1,35,35.00,13,14,06/14/23,,
1,"Zagreb-1, Croatia",1,35,35.00,16,15,06/15/23,,
1,"Zagreb-1, Croatia",1,42,42.00,14,16,06/16/23,,
1,"Zagreb-1, Croatia",1,39,39.00,17,13,06/17/23,,
1,"Zagreb-1, Croatia",1,47,47.00,21,16,06/18/23,,
1,"Zagreb-1, Croatia",1,50,50.00,24,12,06/19/23,,
1,"Zagreb-1, Croatia",1,56,56.00,26,18,06/20/23,,
1,"Zagreb-1, Croatia",1,55,55.00,26,11,06/21/23,,
1,"Zagreb-1, Croatia",1,53,53.00,31,14,06/22/23,,
1,"Zagreb-1, Croatia",1,53,53.00,10,8,06/23/23,,
1,"Zagreb-1, Croatia",1,30,30.00,11,8,06/24/23,,
1,"Zagreb-1, Croatia",1,36,36.00,17,18,06/25/23,,
1,"Zagreb-1, Croatia",1,46,46.00,17,16,06/26/23,,
1,"Zagreb-1, Croatia",1,52,52.00,10,16,06/27/23,,
1,"Zagreb-1, Croatia",1,33,33.00,12,16,06/28/23,,
1,"Zagreb-1, Croatia",1,29,29.00,13,15,06/29/23,,
1,"Zagreb-1, Croatia",1,30,30.00,11,7,06/30/23,,
1,"Zagreb-1, Croatia",1,32,32.00,11,6,07/01/23,,
1,"Zagreb-1, Croatia",1,36,36.00,11,14,07/02/23,,
1,"Zagreb-1, Croatia",1,35,35.00,9,17,07/03/23,,
1,"Zagreb-1, Croatia",1,29,29.00,14,17,07/04/23,,
1,"Zagreb-1, Croatia",1,40,40.00,10,14,07/05/23,,
1,"Zagreb-1, Croatia",1,22,22.00,13,17,07/06/23,,
1,"Zagreb-1, Croatia",1,31,31.00,15,18,07/07/23,,
1,"Zagreb-1, Croatia",1,37,37.00,16,16,07/08/23,,
1,"Zagreb-1, Croatia",1,42,42.00,18,18,07/09/23,,
1,"Zagreb-1, Croatia",1,44,44.00,22,22,07/10/23,,
1,"Zagreb-1, Croatia",1,52,52.00,21,9,07/11/23,,
1,"Zagreb-1, Croatia",1,43,43.00,17,17,07/12/23,,
1,"Zagreb-1, Croatia",1,34,34.00,9,6,07/13/23,,
1,"Zagreb-1, Croatia",1,18,18.00,15,16,07/14/23,,
1,"Zagreb-1, Croatia",1,38,38.00,15,11,07/15/23,,
1,"Zagreb-1, Croatia",1,43,43.00,19,16,07/16/23,,
1,"Zagreb-1, Croatia",1,47,47.00,15,16,07/17/23,,
1,"Zagreb-1, Croatia",1,37,37.00,12,13,07/18/23,,
1,"Zagreb-1, Croatia",1,29,29.00,9,8,07/19/23,,
1,"Zagreb-1, Croatia",1,28,28.00,10,15,07/20/23,,
1,"Zagreb-1, Croatia",1,27,27.00,10,12,07/21/23,,
1,"Zagreb-1, Croatia",1,32,32.00,11,9,07/22/23,,
1,"Zagreb-1, Croatia",1,37,37.00,17,11,07/23/23,,
1,"Zagreb-1, Croatia",1,45,45.00,13,14,07/24/23,,
1,"Zagreb-1, Croatia",1,34,34.00,4,4,07/25/23,,
1,"Zagreb-1, Croatia",1,15,15.00,7,10,07/26/23,,
1,"Zagreb-1, Croatia",1,15,13.00,15,25,07/27/23,,
1,"Zagreb-1, Croatia",1,28,28.00,8,10,07/30/23,,
1,"Zagreb-1, Croatia",1,21,21.00,10,11,07/31/23,,
1,"Zagreb-1, Croatia",1,29,29.00,5,10,08/01/23,,
1,"Zagreb-1, Croatia",1,14,12.00,14,9,08/02/23,,
1,"Zagreb-1, Croatia",1,32,32.00,6,10,08/03/23,,
1,"Zagreb-1, Croatia",1,17,17.00,3,7,08/04/23,,
1,"Zagreb-1, Croatia",1,12,12.00,5,11,08/07/23,,
1,"Zagreb-1, Croatia",1,14,14.00,9,15,08/08/23,,
1,"Zagreb-1, Croatia",1,24,24.00,6,12,08/09/23,,
1,"Zagreb-1, Croatia",1,18,18.00,10,16,08/10/23,,
1,"Zagreb-1, Croatia",1,28,28.00,13,14,08/11/23,,
1,"Zagreb-1, Croatia",1,35,35.00,14,13,08/12/23,,
1,"Zagreb-1, Croatia",1,44,44.00,19,16,08/13/23,,
1,"Zagreb-1, Croatia",1,55,55.00,18,12,08/14/23,,
1,"Zagreb-1, Croatia",1,52,52.00,18,17,08/15/23,,
1,"Zagreb-1, Croatia",1,50,50.00,21,17,08/16/23,,
1,"Zagreb-1, Croatia",1,54,54.00,19,17,08/17/23,,
1,"Zagreb-1, Croatia",1,53,53.00,21,15,08/18/23,,
1,"Zagreb-1, Croatia",1,58,58.00,20,12,08/19/23,,
1,"Zagreb-1, Croatia",1,59,59.00,22,20,08/20/23,,
1,"Zagreb-1, Croatia",1,57,57.00,24,24,08/21/23,,
1,"Zagreb-1, Croatia",1,55,55.00,24,25,08/22/23,,
1,"Zagreb-1, Croatia",1,59,59.00,21,23,08/23/23,,
1,"Zagreb-1, Croatia",1,52,52.00,23,23,08/24/23,,
1,"Zagreb-1, Croatia",1,54,54.00,25,16,08/25/23,,
1,"Zagreb-1, Croatia",1,58,58.00,23,15,08/26/23,,
1,"Zagreb-1, Croatia",1,58,58.00,21,17,08/27/23,,
1,"Zagreb-1, Croatia",1,49,49.00,14,13,08/28/23,,
1,"Zagreb-1, Croatia",1,37,37.00,5,13,08/29/23,,
1,"Zagreb-1, Croatia",1,12,12.00,6,15,08/30/23,,
1,"Zagreb-1, Croatia",1,19,19.00,11,18,08/31/23,,
1,"Zagreb-1, Croatia",1,30,30.00,13,19,09/01/23,,
1,"Zagreb-1, Croatia",1,41,41.00,12,14,09/02/23,,
1,"Zagreb-1, Croatia",1,35,35.00,9,7,09/03/23,,
1,"Zagreb-1, Croatia",1,25,25.00,12,14,09/04/23,,
1,"Zagreb-1, Croatia",1,35,35.00,17,22,09/05/23,,
1,"Zagreb-1, Croatia",1,45,45.00,18,19,09/06/23,,
1,"Zagreb-1, Croatia",1,46,46.00,24,27,09/07/23,,
1,"Zagreb-1, Croatia",1,49,49.00,23,23,09/08/23,,
1,"Zagreb-1, Croatia",1,54,54.00,24,21,09/09/23,,
1,"Zagreb-1, Croatia",1,55,55.00,31,29,09/10/23,,
1,"Zagreb-1, Croatia",1,64,64.00,30,23,09/11/23,,
1,"Zagreb-1, Croatia",1,67,67.00,24,11,09/12/23,,
1,"Zagreb-1, Croatia",1,60,60.00,17,19,09/13/23,,
1,"Zagreb-1, Croatia",1,50,50.00,13,19,09/14/23,,
1,"Zagreb-1, Croatia",1,40,40.00,16,21,09/15/23,,
1,"Zagreb-1, Croatia",1,43,43.00,14,16,09/16/23,,
1,"Zagreb-1, Croatia",1,45,45.00,19,13,09/17/23,,
1,"Zagreb-1, Croatia",1,50,50.00,12,18,09/18/23,,
1,"Zagreb-1, Croatia",1,33,33.00,14,19,09/19/23,,
1,"Zagreb-1, Croatia",1,39,39.00,13,14,09/20/23,,
1,"Zagreb-1, Croatia",1,35,35.00,21,20,09/21/23,,
1,"Zagreb-1, Croatia",1,47,47.00,7,10,09/22/23,,
1,"Zagreb-1, Croatia",1,24,24.00,3,6,09/23/23,,
1,"Zagreb-1, Croatia",1,10,10.00,9,11,09/24/23,,
1,"Zagreb-1, Croatia",1,28,28.00,21,21,09/25/23,,
1,"Zagreb-1, Croatia",1,51,51.00,34,24,09/26/23,,
1,"Zagreb-1, Croatia",1,61,61.00,31,27,09/27/23,,
1,"Zagreb-1, Croatia",1,58,58.00,31,30,09/28/23,,
1,"Zagreb-1, Croatia",1,61,61.00,29,25,09/29/23,,
1,"Zagreb-1, Croatia",1,67,67.00,20,15,09/30/23,,
1,"Zagreb-1, Croatia",1,59,59.00,18,21,10/01/23,,
1,"Zagreb-1, Croatia",1,51,51.00,23,17,10/02/23,,
1,"Zagreb-1, Croatia",1,56,56.00,16,18,10/03/23,,
1,"Zagreb-1, Croatia",1,37,37.00,18,23,10/04/23,,
1,"Zagreb-1, Croatia",1,37,37.00,20,28,10/05/23,,
1,"Zagreb-1, Croatia",1,47,47.00,19,18,10/06/23,,
1,"Zagreb-1, Croatia",1,51,51.00,14,8,10/07/23,,
1,"Zagreb-1, Croatia",1,35,35.00,14,17,10/08/23,,
1,"Zagreb-1, Croatia",1,28,28.00,19,22,10/09/23,,
1,"Zagreb-1, Croatia",1,45,45.00,25,26,10/10/23,,
1,"Zagreb-1, Croatia",1,60,60.00,26,17,10/11/23,,
1,"Zagreb-1, Croatia",1,63,63.00,31,16,10/12/23,,
1,"Zagreb-1, Croatia",1,71,71.00,31,12,10/13/23,,
1,"Zagreb-1, Croatia",1,40,40.00,20,21,10/16/23,,
1,"Zagreb-1, Croatia",1,58,58.00,32,22,10/17/23,,
1,"Zagreb-1, Croatia",1,87,87.00,33,25,10/18/23,,
1,"Zagreb-1, Croatia",1,82,82.00,38,25,10/19/23,,
1,"Zagreb-1, Croatia",1,65,65.00,13,18,10/20/23,,
1,"Zagreb-1, Croatia",1,36,36.00,7,10,10/21/23,,
1,"Zagreb-1, Croatia",1,22,22.00,13,18,10/22/23,,
1,"Zagreb-1, Croatia",1,33,33.00,20,24,10/23/23,,
1,"Zagreb-1, Croatia",1,40,40.00,8,13,10/24/23,,
1,"Zagreb-1, Croatia",1,22,22.00,8,13,10/25/23,,
1,"Zagreb-1, Croatia",1,19,19.00,6,18,10/26/23,,
1,"Zagreb-1, Croatia",1,21,21.00,10,18,10/27/23,,
1,"Zagreb-1, Croatia",1,29,29.00,10,10,10/28/23,,
1,"Zagreb-1, Croatia",1,32,32.00,13,21,10/29/23,,
1,"Zagreb-1, Croatia",1,32,32.00,8,18,10/30/23,,
1,"Zagreb-1, Croatia",1,25,25.00,15,14,10/31/23,,
1,"Zagreb-1, Croatia",1,50,50.00,15,22,11/01/23,,
1,"Zagreb-1, Croatia",1,37,37.00,8,18,11/02/23,,
1,"Zagreb-1, Croatia",1,23,23.00,11,19,11/03/23,,
1,"Zagreb-1, Croatia",1,37,37.00,6,9,11/04/23,,
1,"Zagreb-1, Croatia",1,20,20.00,15,23,11/05/23,,
1,"Zagreb-1, Croatia",1,36,36.00,13,21,11/06/23,,
1,"Zagreb-1, Croatia",1,45,45.00,14,21,11/07/23,,
1,"Zagreb-1, Croatia",1,40,40.00,21,16,11/08/23,,
1,"Zagreb-1, Croatia",1,61,61.00,18,27,11/09/23,,
1,"Zagreb-1, Croatia",1,60,60.00,10,14,11/10/23,,
1,"Zagreb-1, Croatia",1,35,35.00,29,18,11/11/23,,
1,"Zagreb-1, Croatia",1,87,87.00,25,18,11/12/23,,
1,"Zagreb-1, Croatia",1,71,71.00,18,22,11/13/23,,
1,"Zagreb-1, Croatia",1,53,53.00,19,23,11/14/23,,
1,"Zagreb-1, Croatia",1,55,55.00,40,26,11/15/23,,
1,"Zagreb-1, Croatia",1,98,98.00,23,21,11/16/23,,
1,"Zagreb-1, Croatia",1,61,61.00,23,23,11/17/23,,
1,"Zagreb-1, Croatia",1,66,66.00,27,19,11/18/23,,
1,"Zagreb-1, Croatia",1,80,80.00,57,21,11/19/23,,
1,"Zagreb-1, Croatia",1,44,44.00,28,20,11/22/23,,
1,"Zagreb-1, Croatia",1,77,77.00,27,20,11/23/23,,
1,"Zagreb-1, Croatia",1,74,74.00,10,15,11/24/23,,
1,"Zagreb-1, Croatia",1,36,36.00,23,21,11/25/23,,
1,"Zagreb-1, Croatia",1,72,72.00,37,25,11/26/23,,
1,"Zagreb-1, Croatia",1,99,99.00,31,29,11/27/23,,
1,"Zagreb-1, Croatia",1,91,91.00,18,19,11/28/23,,
1,"Zagreb-1, Croatia",1,58,58.00,34,23,11/29/23,,
1,"Zagreb-1, Croatia",1,97,97.00,30,16,11/30/23,,
1,"Zagreb-1, Croatia",1,88,88.00,16,14,12/01/23,,
1,"Zagreb-1, Croatia",1,60,60.00,23,18,12/02/23,,
1,"Zagreb-1, Croatia",1,73,73.00,48,24,12/03/23,,
1,"Zagreb-1, Croatia",1,128,128.00,39,21,12/04/23,,
1,"Zagreb-1, Croatia",1,114,114.00,27,17,12/05/23,,
1,"Zagreb-1, Croatia",1,82,82.00,46,27,12/06/23,,
1,"Zagreb-1, Croatia",1,112,112.00,64,32,12/07/23,,
1,"Zagreb-1, Croatia",1,152,152.00,35,17,12/08/23,,
1,"Zagreb-1, Croatia",1,101,101.00,27,13,12/09/23,,
1,"Zagreb-1, Croatia",1,82,82.00,31,19,12/10/23,,
1,"Zagreb-1, Croatia",1,88,88.00,50,29,12/11/23,,
1,"Zagreb-1, Croatia",1,132,132.00,37,29,12/12/23,,
1,"Zagreb-1, Croatia",1,104,104.00,19,24,12/13/23,,
1,"Zagreb-1, Croatia",1,55,55.00,20,18,12/14/23,,
1,"Zagreb-1, Croatia",1,59,59.00,25,22,12/15/23,,
1,"Zagreb-1, Croatia",1,71,71.00,41,19,12/16/23,,
1,"Zagreb-1, Croatia",1,108,108.00,70,35,12/17/23,,
1,"Zagreb-1, Croatia",1,160,160.00,77,37,12/18/23,,
1,"Zagreb-1, Croatia",1,166,166.00,72,32,12/19/23,,
1,"Zagreb-1, Croatia",1,154,154.00,49,25,12/20/23,,
1,"Zagreb-1, Croatia",1,128,128.00,37,31,12/21/23,,
1,"Zagreb-1, Croatia",1,88,88.00,34,22,12/22/23,,
1,"Zagreb-1, Croatia",1,92,92.00,56,21,12/23/23,,
1,"Zagreb-1, Croatia",1,147,147.00,14,8,12/24/23,,
1,"Zagreb-1, Croatia",1,50,50.00,12,11,12/25/23,,
1,"Zagreb-1, Croatia",1,44,44.00,41,29,12/26/23,,
1,"Zagreb-1, Croatia",1,103,103.00,21,15,12/27/23,,
1,"Zagreb-1, Croatia",1,65,65.00,15,19,12/28/23,,
1,"Zagreb-1, Croatia",1,51,51.00,22,20,12/29/23,,
1,"Zagreb-1, Croatia",1,44,44.00,21,13,01/01/24,,
1,"Zagreb-1, Croatia",1,66,66.00,9,14,01/02/24,,
1,"Zagreb-1, Croatia",1,28,28.00,17,19,01/03/24,,
1,"Zagreb-1, Croatia",1,53,53.00,43,30,01/04/24,,
1,"Zagreb-1, Croatia",1,114,114.00,23,17,01/05/24,,
1,"Zagreb-1, Croatia",1,72,72.00,6,8,01/06/24,,
1,"Zagreb-1, Croatia",1,26,26.00,16,10,01/07/24,,
1,"Zagreb-1, Croatia",1,59,59.00,24,14,01/08/24,,
1,"Zagreb-1, Croatia",1,75,75.00,38,19,01/09/24,,
1,"Zagreb-1, Croatia",1,106,106.00,53,24,01/10/24,,
1,"Zagreb-1, Croatia",1,137,137.00,49,25,01/11/24,,
1,"Zagreb-1, Croatia",1,128,128.00,41,26,01/12/24,,
1,"Zagreb-1, Croatia",1,114,114.00,56,31,01/13/24,,
1,"Zagreb-1, Croatia",1,149,149.00,40,27,01/14/24,,
1,"Zagreb-1, Croatia",1,110,110.00,24,26,01/15/24,,
1,"Zagreb-1, Croatia",1,73,73.00,31,21,01/16/24,,
1,"Zagreb-1, Croatia",1,94,94.00,17,24,01/17/24,,
1,"Zagreb-1, Croatia",1,55,55.00,17,24,01/18/24,,
1,"Zagreb-1, Croatia",1,57,57.00,39,32,01/19/24,,
1,"Zagreb-1, Croatia",1,114,114.00,46,31,01/20/24,,
1,"Zagreb-1, Croatia",1,128,128.00,57,35,01/21/24,,
1,"Zagreb-1, Croatia",1,147,147.00,36,35,01/22/24,,
1,"Zagreb-1, Croatia",1,96,96.00,44,27,01/23/24,,
1,"Zagreb-1, Croatia",1,118,118.00,31,28,01/24/24,,
1,"Zagreb-1, Croatia",1,84,84.00,37,27,01/25/24,,
1,"Zagreb-1, Croatia",1,70,70.00,35,24,01/26/24,,
1,"Zagreb-1, Croatia",1,76,76.00,39,25,01/27/24,,
1,"Zagreb-1, Croatia",1,99,99.00,60,35,01/28/24,,
1,"Zagreb-1, Croatia",1,138,138.00,54,34,01/29/24,,
1,"Zagreb-1, Croatia",1,128,128.00,76,40,01/30/24,,
1,"Zagreb-1, Croatia",1,166,166.00,74,36,01/31/24,,
1,"Zagreb-1, Croatia",1,163,163.00,56,29,02/01/24,,
1,"Zagreb-1, Croatia",1,121,121.00,56,33,02/02/24,,
1,"Zagreb-1, Croatia",1,118,118.00,57,31,02/03/24,,
1,"Zagreb-1, Croatia",1,136,136.00,31,19,02/04/24,,
1,"Zagreb-1, Croatia",1,82,82.00,23,11,02/05/24,,
1,"Zagreb-1, Croatia",1,70,70.00,22,12,02/06/24,,
1,"Zagreb-1, Croatia",1,60,60.00,17,9,02/07/24,,
1,"Zagreb-1, Croatia",1,50,50.00,16,7,02/08/24,,
1,"Zagreb-1, Croatia",1,43,43.00,25,17,02/09/24,,
1,"Zagreb-1, Croatia",1,57,57.00,10,12,02/10/24,,
1,"Zagreb-1, Croatia",1,37,37.00,11,14,02/11/24,,
1,"Zagreb-1, Croatia",1,29,28.00,29,24,02/12/24,,
1,"Zagreb-1, Croatia",1,62,62.00,31,27,02/13/24,,
1,"Zagreb-1, Croatia",1,69,69.00,38,31,02/14/24,,
1,"Zagreb-1, Croatia",1,88,88.00,27,29,02/15/24,,
1,"Zagreb-1, Croatia",1,68,68.00,39,28,02/16/24,,
1,"Zagreb-1, Croatia",1,96,96.00,19,23,02/17/24,,
1,"Zagreb-1, Croatia",1,59,59.00,50,35,02/18/24,,
1,"Zagreb-1, Croatia",1,117,117.00,33,25,02/19/24,,
1,"Zagreb-1, Croatia",1,83,83.00,21,23,02/20/24,,
1,"Zagreb-1, Croatia",1,54,54.00,14,13,02/21/24,,
1,"Zagreb-1, Croatia",1,40,40.00,13,18,02/22/24,,
1,"Zagreb-1, Croatia",1,31,31.00,14,14,02/23/24,,
1,"Zagreb-1, Croatia",1,30,30.00,21,25,02/24/24,,
1,"Zagreb-1, Croatia",1,59,59.00,22,23,02/25/24,,
1,"Zagreb-1, Croatia",1,58,58.00,38,32,02/26/24,,
1,"Zagreb-1, Croatia",1,86,86.00,44,25,02/27/24,,
1,"Zagreb-1, Croatia",1,109,109.00,46,23,02/28/24,,
1,"Zagreb-1, Croatia",1,108,108.00,48,26,02/29/24,,
1,"Zagreb-1, Croatia",1,123,123.00,32,22,03/01/24,,
1,"Zagreb-1, Croatia",1,91,91.00,16,19,03/02/24,,
1,"Zagreb-1, Croatia",1,47,47.00,34,30,03/03/24,,
1,"Zagreb-1, Croatia",1,72,72.00,34,24,03/04/24,,
1,"Zagreb-1, Croatia",1,77,77.00,25,14,03/05/24,,
1,"Zagreb-1, Croatia",1,71,71.00,23,13,03/06/24,,
1,"Zagreb-1, Croatia",1,66,66.00,30,21,03/07/24,,
1,"Zagreb-1, Croatia",1,85,85.00,35,19,03/08/24,,
1,"Zagreb-1, Croatia",1,101,101.00,34,19,03/09/24,,
1,"Zagreb-1, Croatia",1,97,97.00,6,18,03/10/24,,
1,"Zagreb-1, Croatia",1,25,25.00,10,18,03/11/24,,
1,"Zagreb-1, Croatia",1,34,34.00,9,20,03/12/24,,
1,"Zagreb-1, Croatia",1,23,23.00,21,25,03/13/24,,
1,"Zagreb-1, Croatia",1,55,55.00,24,28,03/14/24,,
1,"Zagreb-1, Croatia",1,55,55.00,28,17,03/15/24,,
1,"Zagreb-1, Croatia",1,76,76.00,22,20,03/16/24,,
1,"Zagreb-1, Croatia",1,59,59.00,14,14,03/17/24,,
1,"Zagreb-1, Croatia",1,41,41.00,21,13,03/18/24,,
1,"Zagreb-1, Croatia",1,62,62.00,32,25,03/19/24,,
1,"Zagreb-1, Croatia",1,79,79.00,35,29,03/20/24,,
1,"Zagreb-1, Croatia",1,81,81.00,17,22,03/21/24,,
1,"Zagreb-1, Croatia",1,42,42.00,20,15,03/22/24,,
1,"Zagreb-1, Croatia",1,49,49.00,5,10,03/23/24,,
1,"Zagreb-1, Croatia",1,13,13.00,13,19,03/24/24,,
1,"Zagreb-1, Croatia",1,35,35.00,20,29,03/25/24,,
1,"Zagreb-1, Croatia",1,47,47.00,31,24,03/26/24,,
1,"Zagreb-1, Croatia",1,71,71.00,6,5,03/27/24,,
1,"Zagreb-1, Croatia",1,16,12.00,16,11,03/28/24,,
1,"Zagreb-1, Croatia",1,33,33.00,32,16,03/29/24,,
1,"Zagreb-1, Croatia",1,68,59.00,68,12,03/30/24,,
1,"Zagreb-1, Croatia",1,97,97.00,82,7,03/31/24,,
1,"Zagreb-1, Croatia",1,114,114.00,7,12,04/01/24,,
1,"Zagreb-1, Croatia",1,15,15.00,9,11,04/02/24,,
1,"Zagreb-1, Croatia",1,20,20.00,9,8,04/03/24,,
1,"Zagreb-1, Croatia",1,17,17.00,12,8,04/04/24,,
1,"Zagreb-1, Croatia",1,28,28.00,14,6,04/05/24,,
1,"Zagreb-1, Croatia",1,37,37.00,15,19,04/06/24,,
1,"Zagreb-1, Croatia",1,35,35.00,21,27,04/07/24,,
1,"Zagreb-1, Croatia",1,42,42.00,19,12,04/08/24,,
1,"Zagreb-1, Croatia",1,38,38.00,19,12,04/09/24,,
1,"Zagreb-1, Croatia",1,29,29.00,18,15,04/10/24,,
1,"Zagreb-1, Croatia",1,38,38.00,23,21,04/11/24,,
1,"Zagreb-1, Croatia",1,46,46.00,28,23,04/12/24,,
1,"Zagreb-1, Croatia",1,58,58.00,20,11,04/13/24,,
1,"Zagreb-1, Croatia",1,48,48.00,23,7,04/14/24,,
1,"Zagreb-1, Croatia",1,43,43.00,17,15,04/15/24,,
1,"Zagreb-1, Croatia",1,33,33.00,6,7,04/16/24,,
1,"Zagreb-1, Croatia",1,15,15.00,9,15,04/17/24,,
1,"Zagreb-1, Croatia",1,26,26.00,12,19,04/18/24,,
1,"Zagreb-1, Croatia",1,34,34.00,17,17,04/19/24,,
1,"Zagreb-1, Croatia",1,39,39.00,6,9,04/20/24,,
1,"Zagreb-1, Croatia",1,17,17.00,15,11,04/21/24,,
1,"Zagreb-1, Croatia",1,44,44.00,17,11,04/22/24,,
1,"Zagreb-1, Croatia",1,54,54.00,11,17,04/23/24,,
1,"Zagreb-1, Croatia",1,36,36.00,17,19,04/24/24,,
1,"Zagreb-1, Croatia",1,54,54.00,16,13,04/25/24,,
1,"Zagreb-1, Croatia",1,46,46.00,12,12,04/26/24,,
1,"Zagreb-1, Croatia",1,33,33.00,18,19,04/27/24,,
1,"Zagreb-1, Croatia",1,47,47.00,23,26,04/28/24,,
1,"Zagreb-1, Croatia",1,46,46.00,19,19,04/29/24,,
1,"Zagreb-1, Croatia",1,16,16.00,11,14,05/03/24,,
1,"Zagreb-1, Croatia",1,30,30.00,12,9,05/04/24,,
1,"Zagreb-1, Croatia",1,35,35.00,9,4,05/05/24,,
1,"Zagreb-1, Croatia",1,20,20.00,9,9,05/06/24,,
1,"Zagreb-1, Croatia",1,24,24.00,11,12,05/07/24,,
1,"Zagreb-1, Croatia",1,41,41.00,16,23,05/09/24,,
1,"Zagreb-1, Croatia",1,36,36.00,15,16,05/10/24,,
1,"Zagreb-1, Croatia",1,37,37.00,14,17,05/11/24,,
1,"Zagreb-1, Croatia",1,40,40.00,16,19,05/12/24,,
1,"Zagreb-1, Croatia",1,42,42.00,12,21,05/13/24,,
1,"Zagreb-1, Croatia",1,35,35.00,16,18,05/14/24,,
1,"Zagreb-1, Croatia",1,50,50.00,15,13,05/15/24,,
1,"Zagreb-1, Croatia",1,40,40.00,15,8,05/16/24,,
1,"Zagreb-1, Croatia",1,40,40.00,10,12,05/17/24,,
1,"Zagreb-1, Croatia",1,24,24.00,14,11,05/18/24,,
1,"Zagreb-1, Croatia",1,37,37.00,36,16,05/19/24,,
1,"Zagreb-1, Croatia",1,70,70.00,20,17,05/20/24,,
1,"Zagreb-1, Croatia",1,52,52.00,10,16,05/21/24,,
1,"Zagreb-1, Croatia",1,25,25.00,10,14,05/22/24,,
1,"Zagreb-1, Croatia",1,27,27.00,12,15,05/23/24,,
1,"Zagreb-1, Croatia",1,27,27.00,13,14,05/24/24,,
1,"Zagreb-1, Croatia",1,38,38.00,12,9,05/25/24,,
1,"Zagreb-1, Croatia",1,39,39.00,18,18,05/26/24,,
1,"Zagreb-1, Croatia",1,43,43.00,20,22,05/27/24,,
1,"Zagreb-1, Croatia",1,51,51.00,10,12,05/28/24,,
1,"Zagreb-1, Croatia",1,22,22.00,10,8,05/29/24,,
1,"Zagreb-1, Croatia",1,26,26.00,9,11,05/30/24,,
1,"Zagreb-1, Croatia",1,29,29.00,7,7,05/31/24,,
1,"Zagreb-1, Croatia",1,18,18.00,9,9,06/01/24,,
1,"Zagreb-1, Croatia",1,23,23.00,8,13,06/02/24,,
1,"Zagreb-1, Croatia",1,24,24.00,9,14,06/03/24,,
1,"Zagreb-1, Croatia",1,20,20.00,12,11,06/04/24,,
1,"Zagreb-1, Croatia",1,27,27.00,16,15,06/05/24,,
1,"Zagreb-1, Croatia",1,37,37.00,20,19,06/06/24,,
1,"Zagreb-1, Croatia",1,43,43.00,19,12,06/07/24,,
1,"Zagreb-1, Croatia",1,48,48.00,23,7,06/08/24,,
1,"Zagreb-1, Croatia",1,53,53.00,19,10,06/09/24,,
1,"Zagreb-1, Croatia",1,44,44.00,11,15,06/10/24,,
1,"Zagreb-1, Croatia",1,27,27.00,9,11,06/11/24,,
1,"Zagreb-1, Croatia",1,18,18.00,14,15,06/12/24,,
1,"Zagreb-1, Croatia",1,32,32.00,14,13,06/13/24,,
1,"Zagreb-1, Croatia",1,33,33.00,14,8,06/14/24,,
1,"Zagreb-1, Croatia",1,32,32.00,12,11,06/15/24,,
1,"Zagreb-1, Croatia",1,29,29.00,16,15,06/16/24,,
1,"Zagreb-1, Croatia",1,37,37.00,22,16,06/17/24,,
1,"Zagreb-1, Croatia",1,37,37.00,27,17,06/19/24,,
1,"Zagreb-1, Croatia",1,46,46.00,46,16,06/20/24,,
1,"Zagreb-1, Croatia",1,78,78.00,38,8,06/21/24,,
1,"Zagreb-1, Croatia",1,64,64.00,11,4,06/22/24,,
1,"Zagreb-1, Croatia",1,18,18.00,15,9,06/23/24,,
1,"Zagreb-1, Croatia",1,35,35.00,17,12,06/24/24,,
1,"Zagreb-1, Croatia",1,41,41.00,21,15,06/25/24,,
1,"Zagreb-1, Croatia",1,49,49.00,17,15,06/26/24,,
1,"Zagreb-1, Croatia",1,41,41.00,21,19,06/27/24,,
1,"Zagreb-1, Croatia",1,47,47.00,19,16,06/28/24,,
1,"Zagreb-1, Croatia",1,46,46.00,18,7,06/29/24,,
1,"Zagreb-1, Croatia",1,45,45.00,16,13,06/30/24,,
1,"Zagreb-1, Croatia",1,31,31.00,11,11,07/01/24,,
1,"Zagreb-1, Croatia",1,20,20.00,16,15,07/02/24,,
1,"Zagreb-1, Croatia",1,31,31.00,17,16,07/03/24,,
1,"Zagreb-1, Croatia",1,38,38.00,13,15,07/04/24,,
1,"Zagreb-1, Croatia",1,26,26.00,13,10,07/05/24,,
1,"Zagreb-1, Croatia",1,28,28.00,15,12,07/06/24,,
1,"Zagreb-1, Croatia",1,35,35.00,23,16,07/07/24,,
1,"Zagreb-1, Croatia",1,50,50.00,26,17,07/08/24,,
1,"Zagreb-1, Croatia",1,51,51.00,34,23,07/09/24,,
1,"Zagreb-1, Croatia",1,55,55.00,32,20,07/10/24,,
1,"Zagreb-1, Croatia",1,58,58.00,30,16,07/11/24,,
1,"Zagreb-1, Croatia",1,59,59.00,26,13,07/12/24,,
1,"Zagreb-1, Croatia",1,49,49.00,20,10,07/13/24,,
1,"Zagreb-1, Croatia",1,41,41.00,21,16,07/14/24,,
1,"Zagreb-1, Croatia",1,41,41.00,23,18,07/15/24,,
1,"Zagreb-1, Croatia",1,40,40.00,18,11,07/16/24,,
1,"Zagreb-1, Croatia",1,29,29.00,16,12,07/17/24,,
1,"Zagreb-1, Croatia",1,27,27.00,23,16,07/18/24,,
1,"Zagreb-1, Croatia",1,44,44.00,14,8,07/19/24,,
1,"Zagreb-1, Croatia",1,41,41.00,13,6,07/20/24,,
1,"Zagreb-1, Croatia",1,37,37.00,21,15,07/21/24,,
1,"Zagreb-1, Croatia",1,50,50.00,16,12,07/22/24,,
1,"Zagreb-1, Croatia",1,36,36.00,13,12,07/23/24,,
1,"Zagreb-1, Croatia",1,27,27.00,15,15,07/24/24,,
1,"Zagreb-1, Croatia",1,29,29.00,18,15,07/25/24,,
1,"Zagreb-1, Croatia",1,36,36.00,18,14,07/26/24,,
1,"Zagreb-1, Croatia",1,33,33.00,18,10,07/27/24,,
1,"Zagreb-1, Croatia",1,39,39.00,11,10,07/28/24,,
1,"Zagreb-1, Croatia",1,22,22.00,16,15,07/29/24,,
1,"Zagreb-1, Croatia",1,31,31.00,22,17,07/30/24,,
1,"Zagreb-1, Croatia",1,38,38.00,25,17,07/31/24,,
1,"Zagreb-1, Croatia",1,45,45.00,14,9,08/01/24,,
1,"Zagreb-1, Croatia",1,26,26.00,10,7,08/02/24,,
1,"Zagreb-1, Croatia",1,25,25.00,13,9,08/03/24,,
1,"Zagreb-1, Croatia",1,36,36.00,12,6,08/04/24,,
1,"Zagreb-1, Croatia",1,33,33.00,12,9,08/05/24,,
1,"Zagreb-1, Croatia",1,24,24.00,19,13,08/06/24,,
1,"Zagreb-1, Croatia",1,37,37.00,10,11,08/07/24,,
1,"Zagreb-1, Croatia",1,24,24.00,11,14,08/08/24,,
1,"Zagreb-1, Croatia",1,22,22.00,13,12,08/09/24,,
1,"Zagreb-1, Croatia",1,27,27.00,14,14,08/10/24,,
1,"Zagreb-1, Croatia",1,31,31.00,18,18,08/11/24,,
1,"Zagreb-1, Croatia",1,34,34.00,21,18,08/12/24,,
1,"Zagreb-1, Croatia",1,42,42.00,22,16,08/13/24,,
1,"Zagreb-1, Croatia",1,51,51.00,18,10,08/14/24,,
1,"Zagreb-1, Croatia",1,50,50.00,20,15,08/15/24,,
1,"Zagreb-1, Croatia",1,48,48.00,23,12,08/16/24,,
1,"Zagreb-1, Croatia",1,51,51.00,21,7,08/17/24,,
1,"Zagreb-1, Croatia",1,47,47.00,16,7,08/18/24,,
1,"Zagreb-1, Croatia",1,34,34.00,17,13,08/19/24,,
1,"Zagreb-1, Croatia",1,39,39.00,22,14,08/20/24,,
1,"Zagreb-1, Croatia",1,50,50.00,19,17,08/21/24,,
1,"Zagreb-1, Croatia",1,36,36.00,24,22,08/22/24,,
1,"Zagreb-1, Croatia",1,44,44.00,24,18,08/23/24,,
1,"Zagreb-1, Croatia",1,49,49.00,18,11,08/24/24,,
1,"Zagreb-1, Croatia",1,42,42.00,18,12,08/25/24,,
1,"Zagreb-1, Croatia",1,32,32.00,18,14,08/26/24,,
1,"Zagreb-1, Croatia",1,36,36.00,26,17,08/27/24,,
1,"Zagreb-1, Croatia",1,51,51.00,34,25,08/28/24,,
1,"Zagreb-1, Croatia",1,60,60.00,34,27,08/29/24,,
1,"Zagreb-1, Croatia",1,59,59.00,31,21,08/30/24,,
1,"Zagreb-1, Croatia",1,57,57.00,28,17,08/31/24,,
1,"Zagreb-1, Croatia",1,56,56.00,37,26,09/01/24,,
1,"Zagreb-1, Croatia",1,59,59.00,41,29,09/02/24,,
1,"Zagreb-1, Croatia",1,43,43.00,13,12,09/08/24,,
1,"Zagreb-1, Croatia",1,32,32.00,11,14,09/09/24,,
1,"Zagreb-1, Croatia",1,17,17.00,14,15,09/10/24,,
1,"Zagreb-1, Croatia",1,26,26.00,9,15,09/11/24,,
1,"Zagreb-1, Croatia",1,23,23.00,5,10,09/12/24,,
1,"Zagreb-1, Croatia",1,9,9.00,5,5,09/13/24,,
1,"Zagreb-1, Croatia",1,11,11.00,5,9,09/14/24,,
1,"Zagreb-1, Croatia",1,11,11.00,7,13,09/15/24,,
1,"Zagreb-1, Croatia",1,14,14.00,9,11,09/16/24,,
1,"Zagreb-1, Croatia",1,26,24.00,26,14,09/17/24,,
1,"Zagreb-1, Croatia",1,54,54.00,31,13,09/18/24,,
1,"Zagreb-1, Croatia",1,59,59.00,22,12,09/19/24,,
1,"Zagreb-1, Croatia",1,44,44.00,28,20,09/20/24,,
1,"Zagreb-1, Croatia",1,53,53.00,29,20,09/21/24,,
1,"Zagreb-1, Croatia",1,57,57.00,28,21,09/22/24,,
1,"Zagreb-1, Croatia",1,58,58.00,15,15,09/23/24,,
1,"Zagreb-1, Croatia",1,39,39.00,13,13,09/24/24,,
1,"Zagreb-1, Croatia",1,34,34.00,17,10,09/25/24,,
1,"Zagreb-1, Croatia",1,42,42.00,20,14,09/26/24,,
1,"Zagreb-1, Croatia",1,43,43.00,9,13,09/27/24,,
1,"Zagreb-1, Croatia",1,22,22.00,6,8,09/28/24,,
1,"Zagreb-1, Croatia",1,15,13.00,15,19,09/29/24,,
1,"Zagreb-1, Croatia",1,34,34.00,20,21,09/30/24,,
1,"Zagreb-1, Croatia",1,44,44.00,18,20,10/01/24,,
1,"Zagreb-1, Croatia",1,49,49.00,6,15,10/02/24,,
1,"Zagreb-1, Croatia",1,18,18.00,9,15,10/03/24,,
1,"Zagreb-1, Croatia",1,22,22.00,16,10,10/04/24,,
1,"Zagreb-1, Croatia",1,46,46.00,13,10,10/05/24,,
1,"Zagreb-1, Croatia",1,36,36.00,12,7,10/06/24,,
1,"Zagreb-1, Croatia",1,29,29.00,14,17,10/07/24,,
1,"Zagreb-1, Croatia",1,24,24.00,10,10,10/08/24,,
1,"Zagreb-1, Croatia",1,20,20.00,10,10,10/09/24,,
1,"Zagreb-1, Croatia",1,18,18.00,8,13,10/10/24,,
1,"Zagreb-1, Croatia",1,16,16.00,11,16,10/11/24,,
1,"Zagreb-1, Croatia",1,25,25.00,15,10,10/12/24,,
1,"Zagreb-1, Croatia",1,39,39.00,19,15,10/13/24,,
1,"Zagreb-1, Croatia",1,39,39.00,23,13,10/14/24,,
1,"Zagreb-1, Croatia",1,51,51.00,20,13,10/15/24,,
1,"Zagreb-1, Croatia",1,42,42.00,28,16,10/16/24,,
1,"Zagreb-1, Croatia",1,73,73.00,39,13,10/17/24,,
1,"Zagreb-1, Croatia",1,89,89.00,32,15,10/18/24,,
1,"Zagreb-1, Croatia",1,66,66.00,27,17,10/19/24,,
1,"Zagreb-1, Croatia",1,59,59.00,42,20,10/20/24,,
1,"Zagreb-1, Croatia",1,88,88.00,49,21,10/21/24,,
1,"Zagreb-1, Croatia",1,104,104.00,50,18,10/22/24,,
1,"Zagreb-1, Croatia",1,102,102.00,36,15,10/23/24,,
1,"Zagreb-1, Croatia",1,81,81.00,35,14,10/24/24,,
1,"Zagreb-1, Croatia",1,83,83.00,29,9,10/25/24,,
1,"Zagreb-1, Croatia",1,70,70.00,28,10,10/26/24,,
1,"Zagreb-1, Croatia",1,64,64.00,38,13,10/27/24,,
1,"Zagreb-1, Croatia",1,79,79.00,40,19,10/28/24,,
1,"Zagreb-1, Croatia",1,83,83.00,40,20,10/29/24,,
1,"Zagreb-1, Croatia",1,89,89.00,46,19,10/30/24,,
1,"Zagreb-1, Croatia",1,107,107.00,28,15,10/31/24,,
1,"Zagreb-1, Croatia",1,76,76.00,27,9,11/01/24,,
1,"Zagreb-1, Croatia",1,72,72.00,19,13,11/02/24,,
1,"Zagreb-1, Croatia",1,54,54.00,38,22,11/03/24,,
1,"Zagreb-1, Croatia",1,88,88.00,43,22,11/04/24,,
1,"Zagreb-1, Croatia",1,95,95.00,56,23,11/05/24,,
1,"Zagreb-1, Croatia",1,139,139.00,64,21,11/06/24,,
1,"Zagreb-1, Croatia",1,149,149.00,51,20,11/07/24,,
1,"Zagreb-1, Croatia",1,132,132.00,54,18,11/08/24,,
1,"Zagreb-1, Croatia",1,142,142.00,44,12,11/09/24,,
1,"Zagreb-1, Croatia",1,116,116.00,43,16,11/10/24,,
1,"Zagreb-1, Croatia",1,108,108.00,38,13,11/11/24,,
1,"Zagreb-1, Croatia",1,95,95.00,29,14,11/12/24,,
1,"Zagreb-1, Croatia",1,77,77.00,23,13,11/13/24,,
1,"Zagreb-1, Croatia",1,57,57.00,33,17,11/14/24,,
1,"Zagreb-1, Croatia",1,80,80.00,41,24,11/15/24,,
1,"Zagreb-1, Croatia",1,97,97.00,51,18,11/16/24,,
1,"Zagreb-1, Croatia",1,133,133.00,42,11,11/17/24,,
1,"Zagreb-1, Croatia",1,108,108.00,55,16,11/18/24,,
1,"Zagreb-1, Croatia",1,137,137.00,22,18,11/19/24,,
1,"Zagreb-1, Croatia",1,62,62.00,21,18,11/20/24,,
1,"Zagreb-1, Croatia",1,57,57.00,12,16,11/21/24,,
1,"Zagreb-1, Croatia",1,41,41.00,23,17,11/22/24,,
1,"Zagreb-1, Croatia",1,69,69.00,13,13,11/23/24,,
1,"Zagreb-1, Croatia",1,42,42.00,12,9,11/24/24,,
1,"Zagreb-1, Croatia",1,69,69.00,39,21,12/01/24,,
1,"Zagreb-1, Croatia",1,95,95.00,45,20,12/02/24,,
1,"Zagreb-1, Croatia",1,108,108.00,51,20,12/03/24,,
1,"Zagreb-1, Croatia",1,126,126.00,33,25,12/04/24,,
1,"Zagreb-1, Croatia",1,144,144.00,54,5,12/04/24,,
1,"Zagreb-1, Croatia",1,133,133.00,52,5,12/04/24,,
1,"Zagreb-1, Croatia",1,134,134.00,58,5.5,12/04/24,,
1,"Zagreb-1, Croatia",1,141,141.00,60,6.1,12/04/24,,
1,"Zagreb-1, Croatia",1,153,153.00,66,6.6,12/04/24,,
1,"Zagreb-1, Croatia",1,72,72.00,40,30,12/05/24,,
1,"Zagreb-1, Croatia",1,72,72.00,32,6.1,12/05/24,,
1,"Zagreb-1, Croatia",1,151,151.00,56,2.7,12/06/24,,
1,"Zagreb-1, Croatia",1,139,139.00,52,2.7,12/06/24,,
1,"Zagreb-1, Croatia",1,139,139.00,53,2.7,12/06/24,,
2,"Zagreb-2, Croatia",2,80,80.00,27,16,02/28/23,,
2,"Zagreb-2, Croatia",2,84,84.00,28,17,03/01/23,,
2,"Zagreb-2, Croatia",2,100,100.00,35,19,03/02/23,,
2,"Zagreb-2, Croatia",2,135,135.00,54,17,03/03/23,,
2,"Zagreb-2, Croatia",2,113,113.00,45,15,03/04/23,,
2,"Zagreb-2, Croatia",2,85,85.00,30,12,03/05/23,,
2,"Zagreb-2, Croatia",2,85,85.00,33,16,03/06/23,,
2,"Zagreb-2, Croatia",2,79,79.00,29,14,03/07/23,,
2,"Zagreb-2, Croatia",2,43,43.00,14,12,03/08/23,,
2,"Zagreb-2, Croatia",2,42,42.00,18,11,03/09/23,,
2,"Zagreb-2, Croatia",2,69,69.00,25,21,03/10/23,,
2,"Zagreb-2, Croatia",2,56,56.00,18,13,03/11/23,,
2,"Zagreb-2, Croatia",2,49,49.00,14,9,03/12/23,,
2,"Zagreb-2, Croatia",2,61,61.00,21,12,03/13/23,,
2,"Zagreb-2, Croatia",2,35,35.00,16,13,03/14/23,,
2,"Zagreb-2, Croatia",2,33,33.00,10,15,03/15/23,,
2,"Zagreb-2, Croatia",2,45,45.00,15,16,03/16/23,,
2,"Zagreb-2, Croatia",2,66,66.00,25,14,03/17/23,,
2,"Zagreb-2, Croatia",2,80,80.00,32,16,03/18/23,,
2,"Zagreb-2, Croatia",2,64,64.00,22,10,03/19/23,,
2,"Zagreb-2, Croatia",2,71,71.00,27,15,03/20/23,,
2,"Zagreb-2, Croatia",2,90,90.00,35,15,03/21/23,,
2,"Zagreb-2, Croatia",2,71,71.00,28,15,03/22/23,,
2,"Zagreb-2, Croatia",2,67,67.00,29,18,03/23/23,,
2,"Zagreb-2, Croatia",2,58,58.00,22,10,03/24/23,,
2,"Zagreb-2, Croatia",2,42,42.00,12,12,03/25/23,,
2,"Zagreb-2, Croatia",2,73,73.00,25,12,03/26/23,,
2,"Zagreb-2, Croatia",2,13,13.00,4,11,03/27/23,,
2,"Zagreb-2, Croatia",2,28,28.00,10,16,03/28/23,,
2,"Zagreb-2, Croatia",2,67,67.00,25,18,03/29/23,,
2,"Zagreb-2, Croatia",2,39,39.00,15,9,03/30/23,,
2,"Zagreb-2, Croatia",2,38,38.00,12,7,03/31/23,,
2,"Zagreb-2, Croatia",2,32,32.00,9,9,04/01/23,,
2,"Zagreb-2, Croatia",2,40,40.00,11,8,04/02/23,,
2,"Zagreb-2, Croatia",2,33,33.00,13,10,04/03/23,,
2,"Zagreb-2, Croatia",2,42,42.00,18,15,04/04/23,,
2,"Zagreb-2, Croatia",2,56,56.00,21,14,04/05/23,,
2,"Zagreb-2, Croatia",2,60,60.00,32,15,04/06/23,,
2,"Zagreb-2, Croatia",2,84,84.00,31,11,04/07/23,,
2,"Zagreb-2, Croatia",2,87,87.00,16,9,04/08/23,,
2,"Zagreb-2, Croatia",2,59,59.00,19,9,04/09/23,,
2,"Zagreb-2, Croatia",2,63,63.00,22,7,04/10/23,,
2,"Zagreb-2, Croatia",2,27,27.00,12,12,04/16/23,,
2,"Zagreb-2, Croatia",2,42,42.00,13,10,04/17/23,,
2,"Zagreb-2, Croatia",2,50,50.00,19,14,04/18/23,,
2,"Zagreb-2, Croatia",2,57,57.00,18,13,04/19/23,,
2,"Zagreb-2, Croatia",2,57,57.00,27,17,04/20/23,,
2,"Zagreb-2, Croatia",2,66,66.00,27,10,04/21/23,,
2,"Zagreb-2, Croatia",2,67,67.00,21,7,04/22/23,,
2,"Zagreb-2, Croatia",2,58,58.00,15,19,04/23/23,,
2,"Zagreb-2, Croatia",2,49,49.00,7,10,04/24/23,,
2,"Zagreb-2, Croatia",2,24,24.00,15,13,04/25/23,,
2,"Zagreb-2, Croatia",2,44,44.00,17,9,04/26/23,,
2,"Zagreb-2, Croatia",2,51,51.00,20,12,04/27/23,,
2,"Zagreb-2, Croatia",2,55,55.00,14,9,04/28/23,,
2,"Zagreb-2, Croatia",2,42,42.00,12,9,04/29/23,,
2,"Zagreb-2, Croatia",2,41,41.00,17,11,04/30/23,,
2,"Zagreb-2, Croatia",2,53,53.00,19,17,05/01/23,,
2,"Zagreb-2, Croatia",2,61,61.00,12,11,05/02/23,,
2,"Zagreb-2, Croatia",2,44,44.00,18,11,05/03/23,,
2,"Zagreb-2, Croatia",2,55,55.00,22,10,05/04/23,,
2,"Zagreb-2, Croatia",2,62,62.00,23,8,05/05/23,,
2,"Zagreb-2, Croatia",2,64,64.00,17,8,05/06/23,,
2,"Zagreb-2, Croatia",2,55,55.00,21,11,05/07/23,,
2,"Zagreb-2, Croatia",2,63,63.00,19,10,05/08/23,,
2,"Zagreb-2, Croatia",2,52,52.00,20,12,05/09/23,,
2,"Zagreb-2, Croatia",2,57,57.00,17,15,05/10/23,,
2,"Zagreb-2, Croatia",2,59,59.00,10,15,05/11/23,,
2,"Zagreb-2, Croatia",2,34,34.00,18,12,05/12/23,,
2,"Zagreb-2, Croatia",2,59,59.00,12,11,05/13/23,,
2,"Zagreb-2, Croatia",2,46,46.00,11,12,05/14/23,,
2,"Zagreb-2, Croatia",2,37,37.00,6,11,05/15/23,,
2,"Zagreb-2, Croatia",2,23,23.00,6,14,05/16/23,,
2,"Zagreb-2, Croatia",2,21,21.00,18,14,05/17/23,,
2,"Zagreb-2, Croatia",2,50,50.00,21,13,05/18/23,,
2,"Zagreb-2, Croatia",2,63,63.00,26,14,05/19/23,,
2,"Zagreb-2, Croatia",2,69,69.00,27,12,05/20/23,,
2,"Zagreb-2, Croatia",2,68,68.00,26,13,05/21/23,,
2,"Zagreb-2, Croatia",2,66,66.00,28,11,05/22/23,,
2,"Zagreb-2, Croatia",2,69,69.00,17,14,05/23/23,,
2,"Zagreb-2, Croatia",2,54,54.00,18,11,05/24/23,,
2,"Zagreb-2, Croatia",2,54,54.00,23,14,05/25/23,,
2,"Zagreb-2, Croatia",2,61,61.00,22,11,05/28/23,,
2,"Zagreb-2, Croatia",2,59,59.00,19,10,05/29/23,,
2,"Zagreb-2, Croatia",2,55,55.00,22,17,05/30/23,,
2,"Zagreb-2, Croatia",2,60,60.00,31,10,05/31/23,,
2,"Zagreb-2, Croatia",2,80,80.00,26,13,06/01/23,,
2,"Zagreb-2, Croatia",2,68,68.00,22,10,06/02/23,,
2,"Zagreb-2, Croatia",2,60,60.00,24,7,06/03/23,,
2,"Zagreb-2, Croatia",2,63,63.00,20,14,06/04/23,,
2,"Zagreb-2, Croatia",2,61,61.00,20,13,06/05/23,,
2,"Zagreb-2, Croatia",2,59,59.00,20,13,06/06/23,,
2,"Zagreb-2, Croatia",2,59,59.00,16,7,06/07/23,,
2,"Zagreb-2, Croatia",2,49,49.00,18,7,06/08/23,,
2,"Zagreb-2, Croatia",2,52,52.00,17,9,06/09/23,,
2,"Zagreb-2, Croatia",2,54,54.00,18,7,06/10/23,,
2,"Zagreb-2, Croatia",2,58,58.00,17,12,06/11/23,,
2,"Zagreb-2, Croatia",2,48,48.00,20,10,06/12/23,,
2,"Zagreb-2, Croatia",2,47,47.00,18,12,06/13/23,,
2,"Zagreb-2, Croatia",2,48,48.00,19,13,06/14/23,,
2,"Zagreb-2, Croatia",2,52,52.00,20,12,06/15/23,,
2,"Zagreb-2, Croatia",2,55,55.00,20,12,06/16/23,,
2,"Zagreb-2, Croatia",2,56,56.00,21,5,06/17/23,,
2,"Zagreb-2, Croatia",2,61,61.00,29,12,06/18/23,,
2,"Zagreb-2, Croatia",2,72,72.00,36,10,06/19/23,,
2,"Zagreb-2, Croatia",2,84,84.00,43,11,06/20/23,,
2,"Zagreb-2, Croatia",2,89,89.00,38,5,06/21/23,,
2,"Zagreb-2, Croatia",2,79,79.00,40,6,06/22/23,,
2,"Zagreb-2, Croatia",2,71,71.00,13,8,06/23/23,,
2,"Zagreb-2, Croatia",2,41,41.00,18,7,06/24/23,,
2,"Zagreb-2, Croatia",2,55,55.00,21,9,06/25/23,,
2,"Zagreb-2, Croatia",2,61,61.00,22,12,06/26/23,,
2,"Zagreb-2, Croatia",2,63,63.00,12,10,06/27/23,,
2,"Zagreb-2, Croatia",2,42,42.00,15,8,06/28/23,,
2,"Zagreb-2, Croatia",2,43,43.00,15,6,06/29/23,,
2,"Zagreb-2, Croatia",2,44,44.00,16,9,06/30/23,,
2,"Zagreb-2, Croatia",2,48,48.00,19,6,07/01/23,,
2,"Zagreb-2, Croatia",2,59,59.00,17,14,07/02/23,,
2,"Zagreb-2, Croatia",2,52,52.00,11,8,07/03/23,,
2,"Zagreb-2, Croatia",2,39,39.00,18,8,07/04/23,,
2,"Zagreb-2, Croatia",2,53,53.00,11,12,07/05/23,,
2,"Zagreb-2, Croatia",2,32,32.00,14,13,07/06/23,,
2,"Zagreb-2, Croatia",2,43,43.00,17,7,07/07/23,,
2,"Zagreb-2, Croatia",2,50,50.00,20,6,07/08/23,,
2,"Zagreb-2, Croatia",2,60,60.00,25,8,07/09/23,,
2,"Zagreb-2, Croatia",2,67,67.00,34,9,07/10/23,,
2,"Zagreb-2, Croatia",2,84,84.00,32,10,07/11/23,,
2,"Zagreb-2, Croatia",2,65,65.00,18,9,07/12/23,,
2,"Zagreb-2, Croatia",2,45,45.00,15,7,07/13/23,,
2,"Zagreb-2, Croatia",2,43,43.00,21,6,07/14/23,,
2,"Zagreb-2, Croatia",2,56,56.00,28,6,07/15/23,,
2,"Zagreb-2, Croatia",2,71,71.00,34,10,07/16/23,,
2,"Zagreb-2, Croatia",2,77,77.00,25,10,07/17/23,,
2,"Zagreb-2, Croatia",2,60,60.00,19,11,07/18/23,,
2,"Zagreb-2, Croatia",2,45,45.00,13,4,07/19/23,,
2,"Zagreb-2, Croatia",2,39,39.00,16,8,07/21/23,,
2,"Zagreb-2, Croatia",2,49,49.00,15,3,07/22/23,,
2,"Zagreb-2, Croatia",2,49,49.00,27,7,07/23/23,,
2,"Zagreb-2, Croatia",2,64,64.00,18,12,07/24/23,,
2,"Zagreb-2, Croatia",2,50,50.00,5,3,07/25/23,,
2,"Zagreb-2, Croatia",2,16,16.00,7,4,07/26/23,,
2,"Zagreb-2, Croatia",2,20,20.00,10,11,07/27/23,,
2,"Zagreb-2, Croatia",2,45,45.00,11,6,07/30/23,,
2,"Zagreb-2, Croatia",2,32,32.00,14,6,07/31/23,,
2,"Zagreb-2, Croatia",2,41,41.00,6,5,08/01/23,,
2,"Zagreb-2, Croatia",2,19,19.00,18,7,08/02/23,,
2,"Zagreb-2, Croatia",2,49,49.00,8,9,08/03/23,,
2,"Zagreb-2, Croatia",2,25,25.00,4,6,08/04/23,,
2,"Zagreb-2, Croatia",2,17,17.00,6,4,08/07/23,,
2,"Zagreb-2, Croatia",2,17,17.00,12,7,08/08/23,,
2,"Zagreb-2, Croatia",2,33,33.00,9,7,08/09/23,,
2,"Zagreb-2, Croatia",2,28,28.00,11,7,08/10/23,,
2,"Zagreb-2, Croatia",2,35,35.00,15,5,08/11/23,,
2,"Zagreb-2, Croatia",2,45,45.00,18,4,08/12/23,,
2,"Zagreb-2, Croatia",2,55,55.00,27,8,08/13/23,,
2,"Zagreb-2, Croatia",2,73,73.00,29,6,08/14/23,,
2,"Zagreb-2, Croatia",2,73,73.00,27,11,08/15/23,,
2,"Zagreb-2, Croatia",2,70,70.00,29,8,08/16/23,,
2,"Zagreb-2, Croatia",2,73,73.00,28,9,08/17/23,,
2,"Zagreb-2, Croatia",2,71,71.00,33,8,08/18/23,,
2,"Zagreb-2, Croatia",2,83,83.00,36,6,08/19/23,,
2,"Zagreb-2, Croatia",2,89,89.00,35,11,08/20/23,,
2,"Zagreb-2, Croatia",2,84,84.00,38,8,08/21/23,,
2,"Zagreb-2, Croatia",2,83,83.00,40,11,08/22/23,,
2,"Zagreb-2, Croatia",2,90,90.00,34,9,08/23/23,,
2,"Zagreb-2, Croatia",2,76,76.00,38,8,08/24/23,,
2,"Zagreb-2, Croatia",2,86,86.00,38,6,08/25/23,,
2,"Zagreb-2, Croatia",2,84,84.00,38,7,08/26/23,,
2,"Zagreb-2, Croatia",2,88,88.00,30,13,08/27/23,,
2,"Zagreb-2, Croatia",2,66,66.00,19,10,08/28/23,,
2,"Zagreb-2, Croatia",2,48,48.00,11,12,08/29/23,,
2,"Zagreb-2, Croatia",2,20,20.00,8,9,08/30/23,,
2,"Zagreb-2, Croatia",2,26,26.00,12,7,08/31/23,,
2,"Zagreb-2, Croatia",2,36,36.00,14,8,09/01/23,,
2,"Zagreb-2, Croatia",2,42,42.00,14,8,09/02/23,,
2,"Zagreb-2, Croatia",2,44,44.00,18,11,09/03/23,,
2,"Zagreb-2, Croatia",2,43,43.00,21,13,09/04/23,,
2,"Zagreb-2, Croatia",2,50,50.00,25,15,09/05/23,,
2,"Zagreb-2, Croatia",2,63,63.00,26,15,09/06/23,,
2,"Zagreb-2, Croatia",2,57,57.00,37,16,09/07/23,,
2,"Zagreb-2, Croatia",2,66,66.00,40,12,09/10/23,,
2,"Zagreb-2, Croatia",2,73,73.00,39,12,09/12/23,,
2,"Zagreb-2, Croatia",2,94,94.00,27,16,09/13/23,,
2,"Zagreb-2, Croatia",2,52,52.00,19,8,09/15/23,,
2,"Zagreb-2, Croatia",2,52,52.00,20,7,09/16/23,,
2,"Zagreb-2, Croatia",2,59,59.00,28,9,09/17/23,,
2,"Zagreb-2, Croatia",2,67,67.00,18,11,09/18/23,,
2,"Zagreb-2, Croatia",2,46,46.00,18,9,09/19/23,,
2,"Zagreb-2, Croatia",2,47,47.00,17,8,09/20/23,,
2,"Zagreb-2, Croatia",2,48,48.00,29,11,09/21/23,,
2,"Zagreb-2, Croatia",2,63,63.00,12,7,09/22/23,,
2,"Zagreb-2, Croatia",2,36,36.00,5,5,09/23/23,,
2,"Zagreb-2, Croatia",2,15,15.00,15,13,09/24/23,,
2,"Zagreb-2, Croatia",2,40,40.00,30,14,09/25/23,,
2,"Zagreb-2, Croatia",2,65,65.00,39,16,09/26/23,,
2,"Zagreb-2, Croatia",2,72,72.00,38,15,09/27/23,,
2,"Zagreb-2, Croatia",2,68,68.00,37,14,09/28/23,,
2,"Zagreb-2, Croatia",2,70,70.00,35,13,09/29/23,,
2,"Zagreb-2, Croatia",2,78,78.00,23,8,09/30/23,,
2,"Zagreb-2, Croatia",2,66,66.00,23,10,10/01/23,,
2,"Zagreb-2, Croatia",2,63,63.00,26,13,10/02/23,,
2,"Zagreb-2, Croatia",2,64,64.00,22,15,10/03/23,,
2,"Zagreb-2, Croatia",2,48,48.00,19,13,10/04/23,,
2,"Zagreb-2, Croatia",2,41,41.00,19,14,10/05/23,,
2,"Zagreb-2, Croatia",2,48,48.00,21,11,10/06/23,,
2,"Zagreb-2, Croatia",2,57,57.00,22,8,10/07/23,,
2,"Zagreb-2, Croatia",2,47,47.00,17,13,10/08/23,,
2,"Zagreb-2, Croatia",2,37,37.00,24,15,10/09/23,,
2,"Zagreb-2, Croatia",2,56,56.00,30,12,10/10/23,,
2,"Zagreb-2, Croatia",2,67,67.00,32,10,10/11/23,,
2,"Zagreb-2, Croatia",2,71,71.00,39,13,10/12/23,,
2,"Zagreb-2, Croatia",2,86,86.00,50,13,10/13/23,,
2,"Zagreb-2, Croatia",2,45,45.00,19,11,10/16/23,,
2,"Zagreb-2, Croatia",2,57,57.00,35,13,10/17/23,,
2,"Zagreb-2, Croatia",2,93,93.00,40,17,10/18/23,,
2,"Zagreb-2, Croatia",2,95,95.00,42,14,10/19/23,,
2,"Zagreb-2, Croatia",2,80,80.00,20,12,10/20/23,,
2,"Zagreb-2, Croatia",2,53,53.00,10,8,10/21/23,,
2,"Zagreb-2, Croatia",2,30,30.00,14,13,10/22/23,,
2,"Zagreb-2, Croatia",2,38,38.00,27,18,10/23/23,,
2,"Zagreb-2, Croatia",2,53,53.00,14,14,10/24/23,,
2,"Zagreb-2, Croatia",2,35,35.00,12,11,10/25/23,,
2,"Zagreb-2, Croatia",2,31,31.00,10,14,10/26/23,,
2,"Zagreb-2, Croatia",2,30,30.00,13,11,10/27/23,,
2,"Zagreb-2, Croatia",2,36,36.00,12,9,10/28/23,,
2,"Zagreb-2, Croatia",2,36,36.00,21,17,10/29/23,,
2,"Zagreb-2, Croatia",2,47,47.00,11,13,10/30/23,,
2,"Zagreb-2, Croatia",2,34,34.00,20,11,10/31/23,,
2,"Zagreb-2, Croatia",2,58,58.00,23,15,11/01/23,,
2,"Zagreb-2, Croatia",2,61,61.00,11,14,11/02/23,,
2,"Zagreb-2, Croatia",2,34,34.00,15,11,11/03/23,,
2,"Zagreb-2, Croatia",2,48,48.00,11,8,11/04/23,,
2,"Zagreb-2, Croatia",2,30,30.00,17,15,11/05/23,,
2,"Zagreb-2, Croatia",2,42,42.00,24,15,11/06/23,,
2,"Zagreb-2, Croatia",2,66,66.00,12,10,11/07/23,,
2,"Zagreb-2, Croatia",2,79,79.00,21,19,11/16/23,,
2,"Zagreb-2, Croatia",2,54,54.00,19,11,11/17/23,,
2,"Zagreb-2, Croatia",2,57,57.00,33,12,11/18/23,,
2,"Zagreb-2, Croatia",2,96,96.00,59,24,11/19/23,,
2,"Zagreb-2, Croatia",2,140,140.00,25,19,11/20/23,,
2,"Zagreb-2, Croatia",2,76,76.00,14,11,11/21/23,,
2,"Zagreb-2, Croatia",2,51,51.00,32,14,11/22/23,,
2,"Zagreb-2, Croatia",2,85,85.00,37,20,11/23/23,,
2,"Zagreb-2, Croatia",2,97,97.00,13,13,11/24/23,,
2,"Zagreb-2, Croatia",2,45,45.00,22,15,11/25/23,,
2,"Zagreb-2, Croatia",2,71,71.00,48,23,11/26/23,,
2,"Zagreb-2, Croatia",2,111,111.00,34,20,11/27/23,,
2,"Zagreb-2, Croatia",2,96,96.00,25,14,11/28/23,,
2,"Zagreb-2, Croatia",2,72,72.00,39,17,11/29/23,,
2,"Zagreb-2, Croatia",2,109,109.00,31,13,11/30/23,,
2,"Zagreb-2, Croatia",2,92,92.00,18,11,12/01/23,,
2,"Zagreb-2, Croatia",2,65,65.00,23,12,12/02/23,,
2,"Zagreb-2, Croatia",2,78,78.00,44,19,12/03/23,,
2,"Zagreb-2, Croatia",2,120,120.00,40,19,12/04/23,,
2,"Zagreb-2, Croatia",2,118,118.00,27,16,12/05/23,,
2,"Zagreb-2, Croatia",2,86,86.00,46,18,12/06/23,,
2,"Zagreb-2, Croatia",2,119,119.00,53,20,12/07/23,,
2,"Zagreb-2, Croatia",2,131,131.00,39,12,12/08/23,,
2,"Zagreb-2, Croatia",2,115,115.00,34,12,12/09/23,,
2,"Zagreb-2, Croatia",2,101,101.00,38,18,12/10/23,,
2,"Zagreb-2, Croatia",2,107,107.00,58,23,12/11/23,,
2,"Zagreb-2, Croatia",2,142,142.00,45,25,12/12/23,,
2,"Zagreb-2, Croatia",2,122,122.00,29,21,12/13/23,,
2,"Zagreb-2, Croatia",2,82,82.00,15,14,12/14/23,,
2,"Zagreb-2, Croatia",2,48,48.00,28,16,12/15/23,,
2,"Zagreb-2, Croatia",2,78,78.00,37,12,12/16/23,,
2,"Zagreb-2, Croatia",2,101,101.00,61,23,12/17/23,,
2,"Zagreb-2, Croatia",2,146,146.00,73,28,12/18/23,,
2,"Zagreb-2, Croatia",2,160,160.00,65,26,12/19/23,,
2,"Zagreb-2, Croatia",2,145,145.00,42,20,12/20/23,,
2,"Zagreb-2, Croatia",2,109,109.00,34,20,12/21/23,,
2,"Zagreb-2, Croatia",2,91,91.00,38,18,12/22/23,,
2,"Zagreb-2, Croatia",2,100,100.00,77,22,12/23/23,,
2,"Zagreb-2, Croatia",2,174,174.00,15,6,12/24/23,,
2,"Zagreb-2, Croatia",2,48,48.00,13,7,12/25/23,,
2,"Zagreb-2, Croatia",2,46,46.00,34,15,12/26/23,,
2,"Zagreb-2, Croatia",2,90,90.00,23,12,12/27/23,,
2,"Zagreb-2, Croatia",2,71,71.00,22,19,12/28/23,,
2,"Zagreb-2, Croatia",2,62,62.00,23,12,12/29/23,,
2,"Zagreb-2, Croatia",2,46,46.00,22,14,01/01/24,,
2,"Zagreb-2, Croatia",2,68,68.00,16,13,01/02/24,,
2,"Zagreb-2, Croatia",2,42,42.00,22,14,01/03/24,,
2,"Zagreb-2, Croatia",2,61,61.00,50,24,01/04/24,,
2,"Zagreb-2, Croatia",2,122,122.00,27,15,01/05/24,,
2,"Zagreb-2, Croatia",2,80,80.00,6,7,01/06/24,,
2,"Zagreb-2, Croatia",2,26,26.00,20,12,01/07/24,,
2,"Zagreb-2, Croatia",2,65,65.00,28,15,01/08/24,,
2,"Zagreb-2, Croatia",2,82,82.00,42,14,01/09/24,,
2,"Zagreb-2, Croatia",2,117,117.00,52,19,01/10/24,,
2,"Zagreb-2, Croatia",2,136,136.00,51,22,01/11/24,,
2,"Zagreb-2, Croatia",2,131,131.00,33,16,01/12/24,,
2,"Zagreb-2, Croatia",2,96,96.00,61,21,01/13/24,,
2,"Zagreb-2, Croatia",2,159,159.00,44,23,01/14/24,,
2,"Zagreb-2, Croatia",2,125,125.00,29,21,01/15/24,,
2,"Zagreb-2, Croatia",2,82,82.00,39,20,01/16/24,,
2,"Zagreb-2, Croatia",2,109,109.00,22,21,01/17/24,,
2,"Zagreb-2, Croatia",2,64,64.00,19,20,01/18/24,,
2,"Zagreb-2, Croatia",2,62,62.00,33,21,01/19/24,,
2,"Zagreb-2, Croatia",2,99,99.00,48,24,01/20/24,,
2,"Zagreb-2, Croatia",2,133,133.00,62,28,01/21/24,,
2,"Zagreb-2, Croatia",2,155,155.00,41,26,01/22/24,,
2,"Zagreb-2, Croatia",2,113,113.00,52,20,01/23/24,,
2,"Zagreb-2, Croatia",2,126,126.00,34,20,01/24/24,,
2,"Zagreb-2, Croatia",2,87,87.00,29,20,01/25/24,,
2,"Zagreb-2, Croatia",2,74,74.00,34,17,01/26/24,,
2,"Zagreb-2, Croatia",2,84,84.00,28,14,01/27/24,,
2,"Zagreb-2, Croatia",2,76,76.00,44,20,01/28/24,,
2,"Zagreb-2, Croatia",2,111,111.00,42,19,01/29/24,,
2,"Zagreb-2, Croatia",2,109,109.00,55,23,01/30/24,,
2,"Zagreb-2, Croatia",2,135,135.00,68,27,01/31/24,,
2,"Zagreb-2, Croatia",2,158,158.00,44,17,02/01/24,,
2,"Zagreb-2, Croatia",2,107,107.00,55,24,02/02/24,,
2,"Zagreb-2, Croatia",2,129,129.00,48,19,02/03/24,,
2,"Zagreb-2, Croatia",2,122,122.00,33,10,02/04/24,,
2,"Zagreb-2, Croatia",2,84,84.00,26,9,02/05/24,,
2,"Zagreb-2, Croatia",2,72,72.00,25,11,02/06/24,,
2,"Zagreb-2, Croatia",2,64,64.00,20,7,02/07/24,,
2,"Zagreb-2, Croatia",2,57,57.00,18,5,02/08/24,,
2,"Zagreb-2, Croatia",2,50,50.00,29,14,02/09/24,,
2,"Zagreb-2, Croatia",2,69,69.00,14,11,02/10/24,,
2,"Zagreb-2, Croatia",2,50,50.00,11,11,02/11/24,,
2,"Zagreb-2, Croatia",2,31,31.00,27,17,02/12/24,,
2,"Zagreb-2, Croatia",2,60,60.00,23,14,02/13/24,,
2,"Zagreb-2, Croatia",2,58,58.00,37,21,02/14/24,,
2,"Zagreb-2, Croatia",2,86,86.00,31,18,02/15/24,,
2,"Zagreb-2, Croatia",2,76,76.00,37,18,02/16/24,,
2,"Zagreb-2, Croatia",2,93,93.00,22,14,02/17/24,,
2,"Zagreb-2, Croatia",2,62,62.00,40,20,02/18/24,,
2,"Zagreb-2, Croatia",2,99,99.00,28,13,02/19/24,,
2,"Zagreb-2, Croatia",2,78,78.00,18,12,02/20/24,,
2,"Zagreb-2, Croatia",2,52,52.00,16,11,02/21/24,,
2,"Zagreb-2, Croatia",2,47,47.00,12,8,02/22/24,,
2,"Zagreb-2, Croatia",2,35,35.00,12,8,02/23/24,,
2,"Zagreb-2, Croatia",2,34,34.00,21,13,02/24/24,,
2,"Zagreb-2, Croatia",2,63,63.00,25,15,02/25/24,,
2,"Zagreb-2, Croatia",2,60,60.00,34,21,02/26/24,,
2,"Zagreb-2, Croatia",2,84,84.00,51,20,02/27/24,,
2,"Zagreb-2, Croatia",2,128,128.00,44,15,02/28/24,,
2,"Zagreb-2, Croatia",2,103,103.00,49,17,02/29/24,,
2,"Zagreb-2, Croatia",2,127,127.00,34,12,03/01/24,,
2,"Zagreb-2, Croatia",2,98,98.00,17,11,03/02/24,,
2,"Zagreb-2, Croatia",2,46,46.00,31,19,03/03/24,,
2,"Zagreb-2, Croatia",2,67,67.00,32,19,03/04/24,,
2,"Zagreb-2, Croatia",2,71,71.00,32,15,03/05/24,,
2,"Zagreb-2, Croatia",2,81,81.00,27,11,03/06/24,,
2,"Zagreb-2, Croatia",2,78,78.00,34,16,03/07/24,,
2,"Zagreb-2, Croatia",2,96,96.00,39,17,03/08/24,,
2,"Zagreb-2, Croatia",2,111,111.00,37,15,03/09/24,,
2,"Zagreb-2, Croatia",2,99,99.00,8,15,03/10/24,,
2,"Zagreb-2, Croatia",2,30,30.00,12,14,03/11/24,,
2,"Zagreb-2, Croatia",2,40,40.00,19,14,03/12/24,,
2,"Zagreb-2, Croatia",2,51,51.00,26,14,03/13/24,,
2,"Zagreb-2, Croatia",2,67,67.00,24,14,03/14/24,,
2,"Zagreb-2, Croatia",2,58,58.00,33,16,03/15/24,,
2,"Zagreb-2, Croatia",2,84,84.00,17,10,03/16/24,,
2,"Zagreb-2, Croatia",2,51,51.00,17,14,03/17/24,,
2,"Zagreb-2, Croatia",2,47,47.00,26,14,03/18/24,,
2,"Zagreb-2, Croatia",2,70,70.00,32,13,03/19/24,,
2,"Zagreb-2, Croatia",2,81,81.00,37,16,03/20/24,,
2,"Zagreb-2, Croatia",2,87,87.00,19,13,03/21/24,,
2,"Zagreb-2, Croatia",2,53,53.00,17,9,03/22/24,,
2,"Zagreb-2, Croatia",2,49,49.00,6,7,03/23/24,,
2,"Zagreb-2, Croatia",2,20,20.00,15,11,03/24/24,,
2,"Zagreb-2, Croatia",2,41,41.00,19,14,03/25/24,,
2,"Zagreb-2, Croatia",2,46,46.00,26,11,03/26/24,,
2,"Zagreb-2, Croatia",2,61,61.00,5,5,03/27/24,,
2,"Zagreb-2, Croatia",2,17,13.00,17,8,03/28/24,,
2,"Zagreb-2, Croatia",2,36,36.00,34,10,03/29/24,,
2,"Zagreb-2, Croatia",2,73,61.00,73,6,03/30/24,,
2,"Zagreb-2, Croatia",2,104,104.00,81,4,03/31/24,,
2,"Zagreb-2, Croatia",2,118,118.00,6,10,04/01/24,,
2,"Zagreb-2, Croatia",2,17,17.00,10,7,04/02/24,,
2,"Zagreb-2, Croatia",2,24,24.00,8,4,04/03/24,,
2,"Zagreb-2, Croatia",2,19,19.00,14,8,04/04/24,,
2,"Zagreb-2, Croatia",2,36,36.00,18,8,04/05/24,,
2,"Zagreb-2, Croatia",2,48,48.00,14,9,04/06/24,,
2,"Zagreb-2, Croatia",2,41,41.00,22,11,04/07/24,,
2,"Zagreb-2, Croatia",2,49,49.00,22,9,04/08/24,,
2,"Zagreb-2, Croatia",2,44,44.00,22,11,04/09/24,,
2,"Zagreb-2, Croatia",2,33,33.00,20,13,04/10/24,,
2,"Zagreb-2, Croatia",2,42,42.00,23,13,04/11/24,,
2,"Zagreb-2, Croatia",2,50,50.00,26,8,04/12/24,,
2,"Zagreb-2, Croatia",2,62,62.00,23,7,04/13/24,,
2,"Zagreb-2, Croatia",2,58,58.00,30,8,04/14/24,,
2,"Zagreb-2, Croatia",2,55,55.00,17,12,04/15/24,,
2,"Zagreb-2, Croatia",2,36,36.00,5,6,04/16/24,,
2,"Zagreb-2, Croatia",2,19,19.00,10,12,04/17/24,,
2,"Zagreb-2, Croatia",2,34,34.00,11,9,04/18/24,,
2,"Zagreb-2, Croatia",2,36,36.00,13,11,04/19/24,,
2,"Zagreb-2, Croatia",2,37,37.00,7,6,04/20/24,,
2,"Zagreb-2, Croatia",2,22,22.00,14,10,04/21/24,,
2,"Zagreb-2, Croatia",2,47,47.00,17,11,04/22/24,,
2,"Zagreb-2, Croatia",2,59,59.00,11,11,04/23/24,,
2,"Zagreb-2, Croatia",2,39,39.00,17,14,04/24/24,,
2,"Zagreb-2, Croatia",2,54,54.00,14,8,04/25/24,,
2,"Zagreb-2, Croatia",2,44,44.00,11,7,04/26/24,,
2,"Zagreb-2, Croatia",2,33,33.00,16,7,04/27/24,,
2,"Zagreb-2, Croatia",2,44,44.00,22,12,04/28/24,,
2,"Zagreb-2, Croatia",2,49,49.00,25,15,04/29/24,,
2,"Zagreb-2, Croatia",2,43,43.00,23,8,04/30/24,,
2,"Zagreb-2, Croatia",2,55,55.00,12,5,05/01/24,,
2,"Zagreb-2, Croatia",2,35,35.00,5,9,05/02/24,,
2,"Zagreb-2, Croatia",2,18,18.00,11,7,05/03/24,,
2,"Zagreb-2, Croatia",2,34,34.00,12,4,05/04/24,,
2,"Zagreb-2, Croatia",2,37,37.00,12,5,05/05/24,,
2,"Zagreb-2, Croatia",2,27,27.00,13,11,05/06/24,,
2,"Zagreb-2, Croatia",2,35,35.00,12,11,05/07/24,,
2,"Zagreb-2, Croatia",2,41,41.00,20,13,05/08/24,,
2,"Zagreb-2, Croatia",2,49,49.00,19,15,05/09/24,,
2,"Zagreb-2, Croatia",2,43,43.00,17,12,05/10/24,,
2,"Zagreb-2, Croatia",2,46,46.00,15,9,05/11/24,,
2,"Zagreb-2, Croatia",2,45,45.00,17,9,05/12/24,,
2,"Zagreb-2, Croatia",2,47,47.00,10,11,05/13/24,,
2,"Zagreb-2, Croatia",2,33,33.00,16,3,05/14/24,,
2,"Zagreb-2, Croatia",2,57,57.00,22,16,05/15/24,,
2,"Zagreb-2, Croatia",2,56,56.00,18,5,05/16/24,,
2,"Zagreb-2, Croatia",2,47,47.00,11,7,05/17/24,,
2,"Zagreb-2, Croatia",2,30,30.00,18,5,05/18/24,,
2,"Zagreb-2, Croatia",2,47,47.00,44,9,05/19/24,,
2,"Zagreb-2, Croatia",2,85,85.00,26,13,05/20/24,,
2,"Zagreb-2, Croatia",2,65,65.00,12,10,05/21/24,,
2,"Zagreb-2, Croatia",2,32,32.00,11,11,05/22/24,,
2,"Zagreb-2, Croatia",2,33,33.00,12,8,05/23/24,,
2,"Zagreb-2, Croatia",2,34,34.00,16,8,05/24/24,,
2,"Zagreb-2, Croatia",2,47,47.00,14,5,05/25/24,,
2,"Zagreb-2, Croatia",2,48,48.00,19,7,05/26/24,,
2,"Zagreb-2, Croatia",2,52,52.00,20,12,05/27/24,,
2,"Zagreb-2, Croatia",2,53,53.00,10,10,05/28/24,,
2,"Zagreb-2, Croatia",2,29,29.00,10,4,05/29/24,,
2,"Zagreb-2, Croatia",2,30,30.00,9,9,05/30/24,,
2,"Zagreb-2, Croatia",2,35,35.00,7,6,05/31/24,,
2,"Zagreb-2, Croatia",2,21,21.00,9,5,06/01/24,,
2,"Zagreb-2, Croatia",2,28,28.00,7,8,06/02/24,,
2,"Zagreb-2, Croatia",2,23,23.00,7,7,06/03/24,,
2,"Zagreb-2, Croatia",2,21,21.00,12,6,06/04/24,,
2,"Zagreb-2, Croatia",2,35,35.00,17,7,06/05/24,,
2,"Zagreb-2, Croatia",2,50,50.00,21,8,06/06/24,,
2,"Zagreb-2, Croatia",2,58,58.00,23,5,06/07/24,,
2,"Zagreb-2, Croatia",2,66,66.00,29,6,06/08/24,,
2,"Zagreb-2, Croatia",2,73,73.00,19,8,06/09/24,,
2,"Zagreb-2, Croatia",2,54,54.00,10,9,06/10/24,,
2,"Zagreb-2, Croatia",2,34,34.00,7,11,06/11/24,,
2,"Zagreb-2, Croatia",2,18,18.00,10,9,06/12/24,,
2,"Zagreb-2, Croatia",2,29,29.00,11,6,06/13/24,,
2,"Zagreb-2, Croatia",2,35,35.00,12,4,06/14/24,,
2,"Zagreb-2, Croatia",2,37,37.00,11,5,06/15/24,,
2,"Zagreb-2, Croatia",2,35,35.00,18,7,06/16/24,,
2,"Zagreb-2, Croatia",2,47,47.00,22,6,06/17/24,,
2,"Zagreb-2, Croatia",2,61,61.00,24,6,06/18/24,,
2,"Zagreb-2, Croatia",2,54,54.00,28,12,06/19/24,,
2,"Zagreb-2, Croatia",2,62,62.00,51,9,06/20/24,,
2,"Zagreb-2, Croatia",2,102,102.00,38,7,06/21/24,,
2,"Zagreb-2, Croatia",2,77,77.00,12,6,06/22/24,,
2,"Zagreb-2, Croatia",2,27,27.00,17,12,06/23/24,,
2,"Zagreb-2, Croatia",2,49,49.00,18,11,06/24/24,,
2,"Zagreb-2, Croatia",2,51,51.00,20,10,06/25/24,,
2,"Zagreb-2, Croatia",2,57,57.00,19,8,06/26/24,,
2,"Zagreb-2, Croatia",2,54,54.00,21,8,06/27/24,,
2,"Zagreb-2, Croatia",2,59,59.00,26,6,06/28/24,,
2,"Zagreb-2, Croatia",2,69,69.00,24,4,06/29/24,,
2,"Zagreb-2, Croatia",2,67,67.00,16,9,06/30/24,,
2,"Zagreb-2, Croatia",2,42,42.00,11,9,07/01/24,,
2,"Zagreb-2, Croatia",2,29,29.00,13,8,07/02/24,,
2,"Zagreb-2, Croatia",2,38,38.00,12,8,07/03/24,,
2,"Zagreb-2, Croatia",2,35,35.00,12,6,07/04/24,,
2,"Zagreb-2, Croatia",2,31,31.00,13,5,07/05/24,,
2,"Zagreb-2, Croatia",2,39,39.00,17,5,07/06/24,,
2,"Zagreb-2, Croatia",2,53,53.00,28,10,07/07/24,,
2,"Zagreb-2, Croatia",2,72,72.00,35,11,07/08/24,,
2,"Zagreb-2, Croatia",2,75,75.00,40,9,07/09/24,,
2,"Zagreb-2, Croatia",2,81,81.00,41,13,07/10/24,,
2,"Zagreb-2, Croatia",2,87,87.00,45,8,07/11/24,,
2,"Zagreb-2, Croatia",2,98,98.00,32,6,07/12/24,,
2,"Zagreb-2, Croatia",2,74,74.00,22,5,07/13/24,,
2,"Zagreb-2, Croatia",2,59,59.00,25,10,07/14/24,,
2,"Zagreb-2, Croatia",2,60,60.00,25,10,07/15/24,,
2,"Zagreb-2, Croatia",2,58,58.00,21,11,07/16/24,,
2,"Zagreb-2, Croatia",2,47,47.00,18,10,07/17/24,,
2,"Zagreb-2, Croatia",2,42,42.00,26,14,07/18/24,,
2,"Zagreb-2, Croatia",2,64,64.00,15,9,07/19/24,,
2,"Zagreb-2, Croatia",2,51,51.00,20,3,07/20/24,,
2,"Zagreb-2, Croatia",2,60,60.00,25,10,07/21/24,,
2,"Zagreb-2, Croatia",2,67,67.00,19,10,07/22/24,,
2,"Zagreb-2, Croatia",2,55,55.00,14,7,07/23/24,,
2,"Zagreb-2, Croatia",2,40,40.00,13,9,07/24/24,,
2,"Zagreb-2, Croatia",2,38,38.00,17,6,07/25/24,,
2,"Zagreb-2, Croatia",2,44,44.00,19,5,07/26/24,,
2,"Zagreb-2, Croatia",2,47,47.00,20,5,07/27/24,,
2,"Zagreb-2, Croatia",2,55,55.00,11,9,07/28/24,,
2,"Zagreb-2, Croatia",2,34,34.00,13,8,07/29/24,,
2,"Zagreb-2, Croatia",2,37,37.00,22,7,07/30/24,,
2,"Zagreb-2, Croatia",2,47,47.00,23,7,07/31/24,,
2,"Zagreb-2, Croatia",2,55,55.00,14,6,08/01/24,,
2,"Zagreb-2, Croatia",2,42,42.00,10,4,08/02/24,,
2,"Zagreb-2, Croatia",2,35,35.00,14,5,08/03/24,,
2,"Zagreb-2, Croatia",2,49,49.00,13,4,08/04/24,,
2,"Zagreb-2, Croatia",2,47,47.00,11,7,08/05/24,,
2,"Zagreb-2, Croatia",2,34,34.00,20,6,08/06/24,,
2,"Zagreb-2, Croatia",2,51,51.00,11,7,08/07/24,,
2,"Zagreb-2, Croatia",2,39,39.00,11,6,08/08/24,,
2,"Zagreb-2, Croatia",2,33,33.00,13,5,08/09/24,,
2,"Zagreb-2, Croatia",2,42,42.00,13,4,08/10/24,,
2,"Zagreb-2, Croatia",2,44,44.00,18,6,08/11/24,,
2,"Zagreb-2, Croatia",2,50,50.00,24,8,08/12/24,,
2,"Zagreb-2, Croatia",2,62,62.00,27,9,08/13/24,,
2,"Zagreb-2, Croatia",2,73,73.00,25,5,08/14/24,,
2,"Zagreb-2, Croatia",2,75,75.00,29,8,08/15/24,,
2,"Zagreb-2, Croatia",2,76,76.00,30,7,08/16/24,,
2,"Zagreb-2, Croatia",2,75,75.00,24,4,08/17/24,,
2,"Zagreb-2, Croatia",2,63,63.00,14,9,08/18/24,,
2,"Zagreb-2, Croatia",2,45,45.00,18,10,08/19/24,,
2,"Zagreb-2, Croatia",2,52,52.00,23,10,08/20/24,,
2,"Zagreb-2, Croatia",2,62,62.00,13,8,08/21/24,,
2,"Zagreb-2, Croatia",2,38,38.00,18,8,08/22/24,,
2,"Zagreb-2, Croatia",2,42,42.00,18,7,08/23/24,,
2,"Zagreb-2, Croatia",2,50,50.00,15,7,08/24/24,,
2,"Zagreb-2, Croatia",2,45,45.00,17,10,08/25/24,,
2,"Zagreb-2, Croatia",2,40,40.00,16,10,08/26/24,,
2,"Zagreb-2, Croatia",2,49,49.00,29,12,08/27/24,,
2,"Zagreb-2, Croatia",2,69,69.00,35,13,08/28/24,,
2,"Zagreb-2, Croatia",2,81,81.00,34,13,08/29/24,,
2,"Zagreb-2, Croatia",2,77,77.00,31,9,08/30/24,,
2,"Zagreb-2, Croatia",2,71,71.00,30,8,08/31/24,,
2,"Zagreb-2, Croatia",2,74,74.00,33,11,09/01/24,,
2,"Zagreb-2, Croatia",2,71,71.00,37,13,09/02/24,,
2,"Zagreb-2, Croatia",2,51,51.00,13,11,09/08/24,,
2,"Zagreb-2, Croatia",2,39,39.00,8,10,09/09/24,,
2,"Zagreb-2, Croatia",2,22,22.00,7,9,09/10/24,,
2,"Zagreb-2, Croatia",2,21,21.00,6,11,09/11/24,,
2,"Zagreb-2, Croatia",2,21,21.00,2,9,09/12/24,,
2,"Zagreb-2, Croatia",2,9,9.00,3,5,09/13/24,,
2,"Zagreb-2, Croatia",2,10,10.00,2,5,09/14/24,,
2,"Zagreb-2, Croatia",2,7,7.00,5,14,09/15/24,,
2,"Zagreb-2, Croatia",2,17,17.00,7,11,09/16/24,,
2,"Zagreb-2, Croatia",2,29,29.00,23,13,09/17/24,,
2,"Zagreb-2, Croatia",2,60,60.00,27,14,09/18/24,,
2,"Zagreb-2, Croatia",2,64,64.00,21,13,09/19/24,,
2,"Zagreb-2, Croatia",2,52,52.00,22,8,09/20/24,,
2,"Zagreb-2, Croatia",2,55,55.00,22,7,09/21/24,,
2,"Zagreb-2, Croatia",2,56,56.00,21,9,09/22/24,,
2,"Zagreb-2, Croatia",2,60,60.00,11,10,09/23/24,,
2,"Zagreb-2, Croatia",2,39,39.00,12,10,09/24/24,,
2,"Zagreb-2, Croatia",2,41,41.00,17,8,09/25/24,,
2,"Zagreb-2, Croatia",2,53,53.00,20,8,09/26/24,,
2,"Zagreb-2, Croatia",2,56,56.00,7,8,09/27/24,,
2,"Zagreb-2, Croatia",2,24,24.00,6,7,09/28/24,,
2,"Zagreb-2, Croatia",2,17,17.00,12,11,09/29/24,,
2,"Zagreb-2, Croatia",2,37,37.00,15,9,09/30/24,,
2,"Zagreb-2, Croatia",2,45,45.00,15,16,10/01/24,,
2,"Zagreb-2, Croatia",2,49,49.00,5,13,10/02/24,,
2,"Zagreb-2, Croatia",2,19,19.00,7,11,10/03/24,,
2,"Zagreb-2, Croatia",2,22,22.00,16,8,10/04/24,,
2,"Zagreb-2, Croatia",2,54,54.00,10,4,10/05/24,,
2,"Zagreb-2, Croatia",2,34,34.00,11,8,10/06/24,,
2,"Zagreb-2, Croatia",2,35,35.00,11,11,10/07/24,,
2,"Zagreb-2, Croatia",2,31,31.00,9,8,10/08/24,,
2,"Zagreb-2, Croatia",2,27,27.00,8,8,10/09/24,,
2,"Zagreb-2, Croatia",2,21,21.00,6,10,10/10/24,,
2,"Zagreb-2, Croatia",2,19,19.00,8,7,10/11/24,,
2,"Zagreb-2, Croatia",2,25,25.00,13,8,10/12/24,,
2,"Zagreb-2, Croatia",2,41,41.00,15,12,10/13/24,,
2,"Zagreb-2, Croatia",2,40,40.00,20,12,10/14/24,,
2,"Zagreb-2, Croatia",2,56,56.00,18,15,10/15/24,,
2,"Zagreb-2, Croatia",2,48,48.00,26,11,10/16/24,,
2,"Zagreb-2, Croatia",2,77,77.00,37,11,10/17/24,,
2,"Zagreb-2, Croatia",2,93,93.00,29,14,10/18/24,,
2,"Zagreb-2, Croatia",2,70,70.00,21,8,10/19/24,,
2,"Zagreb-2, Croatia",2,57,57.00,34,11,10/20/24,,
2,"Zagreb-2, Croatia",2,84,84.00,40,12,10/21/24,,
2,"Zagreb-2, Croatia",2,95,95.00,43,16,10/22/24,,
2,"Zagreb-2, Croatia",2,100,100.00,35,13,10/23/24,,
2,"Zagreb-2, Croatia",2,89,89.00,33,9,10/24/24,,
2,"Zagreb-2, Croatia",2,90,90.00,26,6,10/25/24,,
2,"Zagreb-2, Croatia",2,73,73.00,27,9,10/26/24,,
2,"Zagreb-2, Croatia",2,71,71.00,32,11,10/27/24,,
2,"Zagreb-2, Croatia",2,77,77.00,28,11,10/28/24,,
2,"Zagreb-2, Croatia",2,71,71.00,35,12,10/29/24,,
2,"Zagreb-2, Croatia",2,91,91.00,36,13,10/30/24,,
2,"Zagreb-2, Croatia",2,95,95.00,26,13,10/31/24,,
2,"Zagreb-2, Croatia",2,81,81.00,24,9,11/01/24,,
2,"Zagreb-2, Croatia",2,76,76.00,17,9,11/02/24,,
2,"Zagreb-2, Croatia",2,56,56.00,26,12,11/03/24,,
2,"Zagreb-2, Croatia",2,75,75.00,29,12,11/04/24,,
2,"Zagreb-2, Croatia",2,83,83.00,45,15,11/05/24,,
2,"Zagreb-2, Croatia",2,123,123.00,60,17,11/06/24,,
2,"Zagreb-2, Croatia",2,148,148.00,57,20,11/07/24,,
2,"Zagreb-2, Croatia",2,152,152.00,52,14,11/08/24,,
2,"Zagreb-2, Croatia",2,146,146.00,43,11,11/09/24,,
2,"Zagreb-2, Croatia",2,125,125.00,41,13,11/10/24,,
2,"Zagreb-2, Croatia",2,116,116.00,35,13,11/11/24,,
2,"Zagreb-2, Croatia",2,101,101.00,26,13,11/12/24,,
2,"Zagreb-2, Croatia",2,81,81.00,19,14,11/13/24,,
2,"Zagreb-2, Croatia",2,62,62.00,26,13,11/14/24,,
2,"Zagreb-2, Croatia",2,76,76.00,27,13,11/15/24,,
2,"Zagreb-2, Croatia",2,83,83.00,42,12,11/16/24,,
2,"Zagreb-2, Croatia",2,117,117.00,42,8,11/17/24,,
2,"Zagreb-2, Croatia",2,115,115.00,56,7,11/18/24,,
2,"Zagreb-2, Croatia",2,54,54.00,12,13,11/24/24,,
2,"Zagreb-2, Croatia",2,44,44.00,17,15,11/25/24,,
2,"Zagreb-2, Croatia",2,49,49.00,15,20,11/26/24,,
2,"Zagreb-2, Croatia",2,56,56.00,24,15,11/27/24,,
2,"Zagreb-2, Croatia",2,75,75.00,27,18,11/28/24,,
2,"Zagreb-2, Croatia",2,76,76.00,14,8,11/29/24,,
2,"Zagreb-2, Croatia",2,53,53.00,22,12,11/30/24,,
2,"Zagreb-2, Croatia",2,86,86.00,43,20,12/02/24,,
2,"Zagreb-2, Croatia",2,117,117.00,50,18,12/03/24,,
2,"Zagreb-2, Croatia",2,138,138.00,26,19,12/04/24,,
2,"Zagreb-2, Croatia",2,73,73.00,34,16,12/05/24,,
2,"Zagreb-2, Croatia",2,160,160.00,56,2.7,12/06/24,,
3,"Zagreb-3, Croatia",3,104,104.00,55,30,03/08/21,,
3,"Zagreb-3, Croatia",3,83,83.00,29,29,03/09/21,,
3,"Zagreb-3, Croatia",3,106,106.00,46,30,03/10/21,,
3,"Zagreb-3, Croatia",3,119,119.00,49,34,03/11/21,,
3,"Zagreb-3, Croatia",3,81,81.00,29,28,03/12/21,,
3,"Zagreb-3, Croatia",3,61,61.00,18,34,03/13/21,,
3,"Zagreb-3, Croatia",3,54,54.00,16,28,03/14/21,,
3,"Zagreb-3, Croatia",3,41,41.00,14,26,03/15/21,,
3,"Zagreb-3, Croatia",3,62,62.00,23,27,03/16/21,,
3,"Zagreb-3, Croatia",3,48,48.00,15,27,03/17/21,,
3,"Zagreb-3, Croatia",3,57,57.00,17,29,03/18/21,,
3,"Zagreb-3, Croatia",3,90,90.00,33,28,03/19/21,,
3,"Zagreb-3, Croatia",3,102,102.00,34,30,03/20/21,,
3,"Zagreb-3, Croatia",3,63,63.00,17,35,03/21/21,,
3,"Zagreb-3, Croatia",3,41,41.00,13,32,03/22/21,,
3,"Zagreb-3, Croatia",3,55,55.00,18,32,03/23/21,,
3,"Zagreb-3, Croatia",3,68,68.00,24,31,03/24/21,,
3,"Zagreb-3, Croatia",3,108,108.00,43,33,03/25/21,,
3,"Zagreb-3, Croatia",3,124,124.00,52,35,03/26/21,,
3,"Zagreb-3, Croatia",3,67,67.00,24,39,03/27/21,,
3,"Zagreb-3, Croatia",3,56,56.00,19,31,03/28/21,,
3,"Zagreb-3, Croatia",3,109,109.00,44,34,03/29/21,,
3,"Zagreb-3, Croatia",3,101,101.00,47,35,03/30/21,,
3,"Zagreb-3, Croatia",3,115,115.00,52,38,03/31/21,,
3,"Zagreb-3, Croatia",3,105,105.00,45,39,04/01/21,,
3,"Zagreb-3, Croatia",3,90,90.00,40,41,04/02/21,,
3,"Zagreb-3, Croatia",3,64,64.00,19,29,04/03/21,,
3,"Zagreb-3, Croatia",3,42,42.00,11,32,04/04/21,,
3,"Zagreb-3, Croatia",3,66,66.00,11,29,04/05/21,,
3,"Zagreb-3, Croatia",3,41,41.00,24,28,04/06/21,,
3,"Zagreb-3, Croatia",3,76,76.00,25,34,04/07/21,,
3,"Zagreb-3, Croatia",3,75,75.00,22,40,04/08/21,,
3,"Zagreb-3, Croatia",3,60,60.00,12,40,04/09/21,,
3,"Zagreb-3, Croatia",3,35,35.00,18,39,04/10/21,,
3,"Zagreb-3, Croatia",3,55,55.00,22,27,04/11/21,,
3,"Zagreb-3, Croatia",3,68,68.00,6,27,04/12/21,,
3,"Zagreb-3, Croatia",3,25,25.00,15,29,04/13/21,,
3,"Zagreb-3, Croatia",3,50,50.00,29,30,04/14/21,,
3,"Zagreb-3, Croatia",3,85,85.00,32,34,04/15/21,,
3,"Zagreb-3, Croatia",3,91,91.00,29,25,04/16/21,,
3,"Zagreb-3, Croatia",3,87,87.00,27,27,04/17/21,,
3,"Zagreb-3, Croatia",3,88,88.00,20,23,04/18/21,,
3,"Zagreb-3, Croatia",3,70,70.00,17,28,04/19/21,,
3,"Zagreb-3, Croatia",3,61,61.00,18,38,04/20/21,,
3,"Zagreb-3, Croatia",3,59,59.00,15,42,04/21/21,,
3,"Zagreb-3, Croatia",3,52,52.00,29,37,04/22/21,,
3,"Zagreb-3, Croatia",3,73,73.00,35,43,04/23/21,,
3,"Zagreb-3, Croatia",3,89,89.00,30,46,04/24/21,,
3,"Zagreb-3, Croatia",3,81,81.00,24,32,04/25/21,,
3,"Zagreb-3, Croatia",3,72,72.00,34,24,04/26/21,,
3,"Zagreb-3, Croatia",3,102,102.00,31,24,04/27/21,,
3,"Zagreb-3, Croatia",3,94,94.00,17,29,04/28/21,,
3,"Zagreb-3, Croatia",3,55,55.00,13,30,04/29/21,,
3,"Zagreb-3, Croatia",3,42,42.00,24,35,04/30/21,,
3,"Zagreb-3, Croatia",3,66,66.00,11,33,05/01/21,,
3,"Zagreb-3, Croatia",3,31,31.00,12,33,05/02/21,,
3,"Zagreb-3, Croatia",3,42,42.00,18,38,05/03/21,,
3,"Zagreb-3, Croatia",3,50,50.00,18,38,05/04/21,,
3,"Zagreb-3, Croatia",3,42,42.00,13,27,05/05/21,,
3,"Zagreb-3, Croatia",3,41,41.00,21,22,05/06/21,,
3,"Zagreb-3, Croatia",3,63,63.00,14,39,05/07/21,,
3,"Zagreb-3, Croatia",3,47,47.00,19,40,05/08/21,,
3,"Zagreb-3, Croatia",3,56,56.00,19,36,05/09/21,,
3,"Zagreb-3, Croatia",3,50,50.00,22,37,05/10/21,,
3,"Zagreb-3, Croatia",3,44,44.00,14,26,05/11/21,,
3,"Zagreb-3, Croatia",3,35,35.00,8,23,05/12/21,,
3,"Zagreb-3, Croatia",3,26,26.00,9,31,05/13/21,,
3,"Zagreb-3, Croatia",3,27,27.00,6,24,05/16/21,,
3,"Zagreb-3, Croatia",3,24,24.00,8,27,05/17/21,,
3,"Zagreb-3, Croatia",3,24,24.00,5,22,05/18/21,,
3,"Zagreb-3, Croatia",3,22,22.00,10,35,05/19/21,,
3,"Zagreb-3, Croatia",3,34,34.00,14,34,05/20/21,,
3,"Zagreb-3, Croatia",3,35,35.00,12,38,05/21/21,,
3,"Zagreb-3, Croatia",3,27,27.00,13,35,05/22/21,,
3,"Zagreb-3, Croatia",3,41,41.00,13,18,05/23/21,,
3,"Zagreb-3, Croatia",3,51,51.00,16,28,05/24/21,,
3,"Zagreb-3, Croatia",3,49,49.00,12,37,05/25/21,,
3,"Zagreb-3, Croatia",3,32,32.00,20,38,05/26/21,,
3,"Zagreb-3, Croatia",3,46,46.00,10,32,05/27/21,,
3,"Zagreb-3, Croatia",3,28,28.00,14,32,05/28/21,,
3,"Zagreb-3, Croatia",3,47,47.00,14,31,05/29/21,,
3,"Zagreb-3, Croatia",3,52,52.00,13,35,05/30/21,,
3,"Zagreb-3, Croatia",3,44,44.00,20,39,05/31/21,,
3,"Zagreb-3, Croatia",3,51,51.00,27,44,06/01/21,,
3,"Zagreb-3, Croatia",3,62,62.00,21,46,06/02/21,,
3,"Zagreb-3, Croatia",3,57,57.00,31,43,06/03/21,,
3,"Zagreb-3, Croatia",3,67,67.00,32,48,06/04/21,,
3,"Zagreb-3, Croatia",3,73,73.00,20,30,06/05/21,,
3,"Zagreb-3, Croatia",3,62,62.00,26,38,06/06/21,,
3,"Zagreb-3, Croatia",3,77,77.00,30,44,06/07/21,,
3,"Zagreb-3, Croatia",3,76,76.00,31,44,06/08/21,,
3,"Zagreb-3, Croatia",3,80,80.00,22,39,06/09/21,,
3,"Zagreb-3, Croatia",3,62,62.00,18,33,06/10/21,,
3,"Zagreb-3, Croatia",3,52,52.00,16,38,06/11/21,,
3,"Zagreb-3, Croatia",3,47,47.00,16,31,06/12/21,,
3,"Zagreb-3, Croatia",3,44,44.00,15,32,06/13/21,,
3,"Zagreb-3, Croatia",3,32,32.00,25,42,06/14/21,,
3,"Zagreb-3, Croatia",3,53,53.00,28,49,06/15/21,,
3,"Zagreb-3, Croatia",3,60,60.00,43,43,06/16/21,,
3,"Zagreb-3, Croatia",3,62,62.00,55,35,06/17/21,,
3,"Zagreb-3, Croatia",3,71,71.00,37,47,06/18/21,,
3,"Zagreb-3, Croatia",3,68,68.00,32,37,06/19/21,,
3,"Zagreb-3, Croatia",3,75,75.00,58,32,06/20/21,,
3,"Zagreb-3, Croatia",3,85,85.00,50,36,06/21/21,,
3,"Zagreb-3, Croatia",3,71,71.00,47,18,06/22/21,,
3,"Zagreb-3, Croatia",3,76,70.00,76,26,06/23/21,,
3,"Zagreb-3, Croatia",3,96,96.00,54,39,06/24/21,,
3,"Zagreb-3, Croatia",3,57,57.00,21,44,06/25/21,,
3,"Zagreb-3, Croatia",3,27,27.00,18,46,06/26/21,,
3,"Zagreb-3, Croatia",3,34,34.00,34,45,06/27/21,,
3,"Zagreb-3, Croatia",3,61,49.00,61,34,06/28/21,,
3,"Zagreb-3, Croatia",3,66,66.00,51,25,06/29/21,,
3,"Zagreb-3, Croatia",3,33,33.00,33,41,07/02/21,,
3,"Zagreb-3, Croatia",3,48,48.00,21,41,07/03/21,,
3,"Zagreb-3, Croatia",3,43,43.00,17,32,07/04/21,,
3,"Zagreb-3, Croatia",3,50,50.00,22,35,07/05/21,,
3,"Zagreb-3, Croatia",3,55,55.00,25,33,07/06/21,,
3,"Zagreb-3, Croatia",3,46,46.00,30,44,07/07/21,,
3,"Zagreb-3, Croatia",3,54,54.00,30,39,07/08/21,,
3,"Zagreb-3, Croatia",3,40,40.00,13,41,07/09/21,,
3,"Zagreb-3, Croatia",3,20,18.00,20,44,07/10/21,,
3,"Zagreb-3, Croatia",3,44,44.00,32,39,07/11/21,,
3,"Zagreb-3, Croatia",3,55,55.00,41,39,07/12/21,,
3,"Zagreb-3, Croatia",3,57,57.00,23,28,07/13/21,,
3,"Zagreb-3, Croatia",3,47,47.00,18,38,07/14/21,,
3,"Zagreb-3, Croatia",3,36,31.00,36,39,07/15/21,,
3,"Zagreb-3, Croatia",3,48,48.00,13,36,07/16/21,,
3,"Zagreb-3, Croatia",3,43,43.00,19,39,07/17/21,,
3,"Zagreb-3, Croatia",3,56,56.00,20,27,07/18/21,,
3,"Zagreb-3, Croatia",3,40,40.00,25,35,07/19/21,,
3,"Zagreb-3, Croatia",3,53,53.00,24,42,07/20/21,,
3,"Zagreb-3, Croatia",3,54,54.00,26,45,07/21/21,,
3,"Zagreb-3, Croatia",3,57,57.00,32,46,07/22/21,,
3,"Zagreb-3, Croatia",3,65,65.00,40,33,07/25/21,,
3,"Zagreb-3, Croatia",3,75,75.00,38,35,07/26/21,,
3,"Zagreb-3, Croatia",3,63,63.00,32,40,07/27/21,,
3,"Zagreb-3, Croatia",3,55,55.00,31,46,07/28/21,,
3,"Zagreb-3, Croatia",3,49,49.00,24,47,07/29/21,,
3,"Zagreb-3, Croatia",3,52,52.00,19,50,07/30/21,,
3,"Zagreb-3, Croatia",3,42,42.00,24,39,07/31/21,,
3,"Zagreb-3, Croatia",3,39,39.00,8,37,08/01/21,,
3,"Zagreb-3, Croatia",3,21,21.00,15,42,08/02/21,,
3,"Zagreb-3, Croatia",3,32,32.00,22,37,08/03/21,,
3,"Zagreb-3, Croatia",3,39,39.00,8,27,08/04/21,,
3,"Zagreb-3, Croatia",3,28,28.00,8,32,08/05/21,,
3,"Zagreb-3, Croatia",3,23,23.00,18,34,08/06/21,,
3,"Zagreb-3, Croatia",3,34,34.00,18,39,08/07/21,,
3,"Zagreb-3, Croatia",3,35,35.00,20,41,08/08/21,,
3,"Zagreb-3, Croatia",3,28,28.00,23,46,08/09/21,,
3,"Zagreb-3, Croatia",3,44,44.00,29,40,08/10/21,,
3,"Zagreb-3, Croatia",3,46,46.00,33,41,08/11/21,,
3,"Zagreb-3, Croatia",3,56,56.00,28,40,08/12/21,,
3,"Zagreb-3, Croatia",3,46,46.00,27,50,08/13/21,,
3,"Zagreb-3, Croatia",3,53,53.00,21,46,08/14/21,,
3,"Zagreb-3, Croatia",3,53,53.00,37,41,08/15/21,,
3,"Zagreb-3, Croatia",3,64,64.00,13,26,08/16/21,,
3,"Zagreb-3, Croatia",3,27,27.00,15,37,08/17/21,,
3,"Zagreb-3, Croatia",3,30,30.00,19,39,08/18/21,,
3,"Zagreb-3, Croatia",3,37,37.00,22,39,08/19/21,,
3,"Zagreb-3, Croatia",3,37,37.00,19,44,08/20/21,,
3,"Zagreb-3, Croatia",3,42,42.00,17,42,08/21/21,,
3,"Zagreb-3, Croatia",3,45,45.00,18,28,08/22/21,,
3,"Zagreb-3, Croatia",3,30,30.00,10,31,08/23/21,,
3,"Zagreb-3, Croatia",3,27,27.00,13,29,08/24/21,,
3,"Zagreb-3, Croatia",3,38,38.00,14,31,08/25/21,,
3,"Zagreb-3, Croatia",3,40,40.00,12,30,08/26/21,,
3,"Zagreb-3, Croatia",3,22,22.00,11,26,08/27/21,,
3,"Zagreb-3, Croatia",3,39,39.00,8,16,08/28/21,,
3,"Zagreb-3, Croatia",3,28,28.00,7,26,08/29/21,,
3,"Zagreb-3, Croatia",3,20,20.00,8,31,08/30/21,,
3,"Zagreb-3, Croatia",3,22,22.00,11,31,08/31/21,,
3,"Zagreb-3, Croatia",3,28,28.00,18,32,09/01/21,,
3,"Zagreb-3, Croatia",3,51,51.00,21,36,09/02/21,,
3,"Zagreb-3, Croatia",3,53,53.00,23,40,09/03/21,,
3,"Zagreb-3, Croatia",3,60,60.00,21,40,09/04/21,,
3,"Zagreb-3, Croatia",3,58,58.00,21,38,09/05/21,,
3,"Zagreb-3, Croatia",3,53,53.00,29,39,09/06/21,,
3,"Zagreb-3, Croatia",3,67,67.00,31,39,09/07/21,,
3,"Zagreb-3, Croatia",3,66,66.00,33,40,09/08/21,,
3,"Zagreb-3, Croatia",3,66,66.00,35,45,09/09/21,,
3,"Zagreb-3, Croatia",3,73,73.00,36,55,09/10/21,,
3,"Zagreb-3, Croatia",3,86,86.00,36,51,09/11/21,,
3,"Zagreb-3, Croatia",3,85,85.00,36,48,09/12/21,,
3,"Zagreb-3, Croatia",3,79,79.00,37,41,09/13/21,,
3,"Zagreb-3, Croatia",3,85,85.00,40,45,09/14/21,,
3,"Zagreb-3, Croatia",3,79,79.00,36,36,09/15/21,,
3,"Zagreb-3, Croatia",3,77,77.00,14,16,09/16/21,,
3,"Zagreb-3, Croatia",3,46,46.00,12,24,09/17/21,,
3,"Zagreb-3, Croatia",3,38,38.00,14,28,09/18/21,,
3,"Zagreb-3, Croatia",3,45,45.00,10,23,09/19/21,,
3,"Zagreb-3, Croatia",3,38,38.00,19,29,09/20/21,,
3,"Zagreb-3, Croatia",3,56,56.00,22,27,09/21/21,,
3,"Zagreb-3, Croatia",3,63,63.00,19,25,09/22/21,,
3,"Zagreb-3, Croatia",3,56,56.00,18,32,09/23/21,,
3,"Zagreb-3, Croatia",3,52,52.00,24,40,09/24/21,,
3,"Zagreb-3, Croatia",3,69,69.00,23,37,09/25/21,,
3,"Zagreb-3, Croatia",3,57,57.00,19,32,09/26/21,,
3,"Zagreb-3, Croatia",3,54,54.00,23,28,09/27/21,,
3,"Zagreb-3, Croatia",3,62,62.00,29,29,09/28/21,,
3,"Zagreb-3, Croatia",3,70,70.00,9,25,09/29/21,,
3,"Zagreb-3, Croatia",3,29,29.00,24,20,09/30/21,,
3,"Zagreb-3, Croatia",3,67,67.00,35,11,10/01/21,,
3,"Zagreb-3, Croatia",3,91,91.00,23,28,10/02/21,,
3,"Zagreb-3, Croatia",3,66,66.00,19,34,10/03/21,,
3,"Zagreb-3, Croatia",3,53,53.00,22,27,10/04/21,,
3,"Zagreb-3, Croatia",3,61,61.00,12,22,10/05/21,,
3,"Zagreb-3, Croatia",3,38,38.00,6,21,10/06/21,,
3,"Zagreb-3, Croatia",3,25,25.00,18,19,10/07/21,,
3,"Zagreb-3, Croatia",3,58,58.00,26,19,10/08/21,,
3,"Zagreb-3, Croatia",3,69,69.00,13,22,10/09/21,,
3,"Zagreb-3, Croatia",3,48,48.00,29,22,10/10/21,,
3,"Zagreb-3, Croatia",3,85,85.00,33,13,10/11/21,,
3,"Zagreb-3, Croatia",3,92,92.00,21,19,10/12/21,,
3,"Zagreb-3, Croatia",3,64,64.00,20,24,10/13/21,,
3,"Zagreb-3, Croatia",3,60,60.00,31,23,10/14/21,,
3,"Zagreb-3, Croatia",3,87,87.00,39,20,10/15/21,,
3,"Zagreb-3, Croatia",3,107,107.00,35,27,10/16/21,,
3,"Zagreb-3, Croatia",3,101,101.00,46,19,10/17/21,,
3,"Zagreb-3, Croatia",3,120,120.00,47,20,10/18/21,,
3,"Zagreb-3, Croatia",3,125,125.00,35,35,10/19/21,,
3,"Zagreb-3, Croatia",3,99,99.00,20,34,10/20/21,,
3,"Zagreb-3, Croatia",3,44,44.00,26,11,10/21/21,,
3,"Zagreb-3, Croatia",3,80,80.00,18,19,10/22/21,,
3,"Zagreb-3, Croatia",3,58,58.00,26,26,10/23/21,,
3,"Zagreb-3, Croatia",3,79,79.00,40,21,10/24/21,,
3,"Zagreb-3, Croatia",3,107,107.00,45,15,10/25/21,,
3,"Zagreb-3, Croatia",3,123,123.00,51,16,10/26/21,,
3,"Zagreb-3, Croatia",3,135,135.00,59,17,10/27/21,,
3,"Zagreb-3, Croatia",3,149,149.00,64,21,10/28/21,,
3,"Zagreb-3, Croatia",3,160,160.00,60,8,10/29/21,,
3,"Zagreb-3, Croatia",3,153,153.00,54,9,10/30/21,,
3,"Zagreb-3, Croatia",3,142,142.00,64,8,10/31/21,,
3,"Zagreb-3, Croatia",3,158,158.00,25,13,11/01/21,,
3,"Zagreb-3, Croatia",3,77,77.00,35,8,11/02/21,,
3,"Zagreb-3, Croatia",3,98,98.00,27,2,11/03/21,,
3,"Zagreb-3, Croatia",3,72,72.00,26,1,11/04/21,,
3,"Zagreb-3, Croatia",3,74,74.00,28,1,11/05/21,,
3,"Zagreb-3, Croatia",3,79,79.00,24,1,11/07/21,,
3,"Zagreb-3, Croatia",3,77,77.00,36,1,11/08/21,,
3,"Zagreb-3, Croatia",3,94,94.00,46,1,11/09/21,,
3,"Zagreb-3, Croatia",3,121,121.00,43,1,11/10/21,,
3,"Zagreb-3, Croatia",3,81,81.00,25,1,11/12/21,,
3,"Zagreb-3, Croatia",3,132,132.00,37,1,11/17/21,,
3,"Zagreb-3, Croatia",3,110,110.00,58,1,11/19/21,,
3,"Zagreb-3, Croatia",3,105,105.00,19,1,11/22/21,,
3,"Zagreb-3, Croatia",3,63,63.00,50,1,11/23/21,,
3,"Zagreb-3, Croatia",3,135,135.00,54,2,11/24/21,,
3,"Zagreb-3, Croatia",3,68,68.00,21,3,11/28/21,,
3,"Zagreb-3, Croatia",3,68,68.00,26,2,11/29/21,,
3,"Zagreb-3, Croatia",3,79,79.00,14,3,11/30/21,,
3,"Zagreb-3, Croatia",3,38,38.00,15,6,12/01/21,,
3,"Zagreb-3, Croatia",3,50,50.00,21,2,12/02/21,,
3,"Zagreb-3, Croatia",3,63,63.00,50,1,12/03/21,,
3,"Zagreb-3, Croatia",3,132,132.00,27,1,12/04/21,,
3,"Zagreb-3, Croatia",3,87,87.00,26,1,12/05/21,,
3,"Zagreb-3, Croatia",3,79,79.00,50,1,12/06/21,,
3,"Zagreb-3, Croatia",3,136,136.00,39,1,12/07/21,,
3,"Zagreb-3, Croatia",3,106,106.00,35,2,12/08/21,,
3,"Zagreb-3, Croatia",3,106,106.00,46,1,12/09/21,,
3,"Zagreb-3, Croatia",3,134,134.00,22,3,12/10/21,,
3,"Zagreb-3, Croatia",3,76,76.00,25,1,12/11/21,,
3,"Zagreb-3, Croatia",3,82,82.00,42,1,12/12/21,,
3,"Zagreb-3, Croatia",3,123,123.00,41,2,12/13/21,,
3,"Zagreb-3, Croatia",3,116,116.00,38,1,12/15/21,,
3,"Zagreb-3, Croatia",3,111,111.00,40,1,12/16/21,,
3,"Zagreb-3, Croatia",3,111,111.00,38,1,12/17/21,,
3,"Zagreb-3, Croatia",3,111,111.00,45,1,12/18/21,,
3,"Zagreb-3, Croatia",3,127,127.00,43,1,12/19/21,,
3,"Zagreb-3, Croatia",3,114,114.00,46,1,12/20/21,,
3,"Zagreb-3, Croatia",3,123,123.00,45,2,12/21/21,,
3,"Zagreb-3, Croatia",3,115,115.00,62,1,12/22/21,,
3,"Zagreb-3, Croatia",3,159,159.00,20,2,12/23/21,,
3,"Zagreb-3, Croatia",3,76,76.00,18,2,12/25/21,,
3,"Zagreb-3, Croatia",3,61,61.00,24,1,12/26/21,,
3,"Zagreb-3, Croatia",3,79,79.00,28,1,12/27/21,,
3,"Zagreb-3, Croatia",3,144,144.00,72,1,12/31/21,,
3,"Zagreb-3, Croatia",3,87,87.00,16,5,01/03/22,,
3,"Zagreb-3, Croatia",3,58,58.00,8,24,01/04/22,,
3,"Zagreb-3, Croatia",3,27,27.00,15,23,01/05/22,,
3,"Zagreb-3, Croatia",3,51,51.00,32,23,01/06/22,,
3,"Zagreb-3, Croatia",3,98,98.00,52,11,01/07/22,,
3,"Zagreb-3, Croatia",3,143,143.00,53,8,01/08/22,,
3,"Zagreb-3, Croatia",3,150,150.00,46,18,01/09/22,,
3,"Zagreb-3, Croatia",3,134,134.00,25,21,01/10/22,,
3,"Zagreb-3, Croatia",3,80,80.00,37,19,01/11/22,,
3,"Zagreb-3, Croatia",3,104,104.00,55,14,01/12/22,,
3,"Zagreb-3, Croatia",3,144,144.00,56,10,01/13/22,,
3,"Zagreb-3, Croatia",3,138,138.00,63,12,01/14/22,,
3,"Zagreb-3, Croatia",3,152,152.00,75,12,01/15/22,,
3,"Zagreb-3, Croatia",3,174,174.00,63,11,01/16/22,,
3,"Zagreb-3, Croatia",3,156,156.00,34,17,01/17/22,,
3,"Zagreb-3, Croatia",3,90,90.00,55,14,01/18/22,,
3,"Zagreb-3, Croatia",3,139,139.00,41,14,01/19/22,,
3,"Zagreb-3, Croatia",3,120,120.00,27,21,01/20/22,,
3,"Zagreb-3, Croatia",3,76,76.00,26,19,01/21/22,,
3,"Zagreb-3, Croatia",3,82,82.00,27,17,01/22/22,,
3,"Zagreb-3, Croatia",3,88,88.00,35,19,01/23/22,,
3,"Zagreb-3, Croatia",3,101,101.00,58,15,01/24/22,,
3,"Zagreb-3, Croatia",3,150,150.00,72,6,01/25/22,,
3,"Zagreb-3, Croatia",3,167,167.00,72,12,01/26/22,,
3,"Zagreb-3, Croatia",3,166,166.00,52,23,01/27/22,,
3,"Zagreb-3, Croatia",3,126,126.00,29,22,01/28/22,,
3,"Zagreb-3, Croatia",3,81,81.00,36,25,01/29/22,,
3,"Zagreb-3, Croatia",3,97,97.00,53,5,01/30/22,,
3,"Zagreb-3, Croatia",3,142,142.00,40,19,01/31/22,,
3,"Zagreb-3, Croatia",3,109,109.00,28,19,02/01/22,,
3,"Zagreb-3, Croatia",3,80,80.00,30,8,02/02/22,,
3,"Zagreb-3, Croatia",3,87,87.00,45,20,02/23/22,,
3,"Zagreb-3, Croatia",3,109,109.00,24,24,02/24/22,,
3,"Zagreb-3, Croatia",3,70,70.00,13,27,02/25/22,,
3,"Zagreb-3, Croatia",3,48,48.00,16,25,02/26/22,,
3,"Zagreb-3, Croatia",3,59,59.00,17,27,02/27/22,,
3,"Zagreb-3, Croatia",3,59,59.00,25,27,02/28/22,,
3,"Zagreb-3, Croatia",3,74,74.00,47,20,03/01/22,,
3,"Zagreb-3, Croatia",3,120,120.00,50,27,03/02/22,,
3,"Zagreb-3, Croatia",3,126,126.00,38,31,03/03/22,,
3,"Zagreb-3, Croatia",3,100,100.00,28,27,03/04/22,,
3,"Zagreb-3, Croatia",3,85,85.00,23,29,03/05/22,,
3,"Zagreb-3, Croatia",3,67,67.00,36,26,03/06/22,,
3,"Zagreb-3, Croatia",3,100,100.00,28,28,03/07/22,,
3,"Zagreb-3, Croatia",3,73,73.00,36,30,03/08/22,,
3,"Zagreb-3, Croatia",3,91,91.00,40,28,03/09/22,,
3,"Zagreb-3, Croatia",3,101,101.00,32,30,03/10/22,,
3,"Zagreb-3, Croatia",3,82,82.00,45,34,03/11/22,,
3,"Zagreb-3, Croatia",3,111,111.00,54,36,03/12/22,,
3,"Zagreb-3, Croatia",3,126,126.00,41,35,03/13/22,,
3,"Zagreb-3, Croatia",3,101,101.00,36,32,03/14/22,,
3,"Zagreb-3, Croatia",3,87,87.00,33,36,03/15/22,,
3,"Zagreb-3, Croatia",3,75,75.00,43,40,03/16/22,,
3,"Zagreb-3, Croatia",3,97,97.00,38,19,03/17/22,,
3,"Zagreb-3, Croatia",3,94,94.00,48,35,03/18/22,,
3,"Zagreb-3, Croatia",3,123,123.00,38,36,03/19/22,,
3,"Zagreb-3, Croatia",3,94,94.00,37,36,03/20/22,,
3,"Zagreb-3, Croatia",3,86,86.00,51,43,03/21/22,,
3,"Zagreb-3, Croatia",3,112,112.00,61,41,03/24/22,,
3,"Zagreb-3, Croatia",3,127,127.00,57,46,03/25/22,,
3,"Zagreb-3, Croatia",3,124,124.00,52,40,03/26/22,,
3,"Zagreb-3, Croatia",3,111,111.00,50,40,03/27/22,,
3,"Zagreb-3, Croatia",3,108,108.00,39,42,03/28/22,,
3,"Zagreb-3, Croatia",3,81,81.00,33,32,03/29/22,,
3,"Zagreb-3, Croatia",3,77,77.00,21,14,03/30/22,,
3,"Zagreb-3, Croatia",3,69,69.00,13,12,03/31/22,,
3,"Zagreb-3, Croatia",3,49,49.00,19,22,04/01/22,,
3,"Zagreb-3, Croatia",3,67,67.00,20,29,04/02/22,,
3,"Zagreb-3, Croatia",3,65,65.00,24,33,04/03/22,,
3,"Zagreb-3, Croatia",3,72,72.00,19,38,04/04/22,,
3,"Zagreb-3, Croatia",3,60,60.00,20,35,04/05/22,,
3,"Zagreb-3, Croatia",3,60,60.00,12,41,04/06/22,,
3,"Zagreb-3, Croatia",3,39,39.00,13,33,04/07/22,,
3,"Zagreb-3, Croatia",3,34,34.00,9,26,04/08/22,,
3,"Zagreb-3, Croatia",3,28,28.00,12,32,04/09/22,,
3,"Zagreb-3, Croatia",3,41,41.00,21,33,04/10/22,,
3,"Zagreb-3, Croatia",3,60,60.00,17,39,04/11/22,,
3,"Zagreb-3, Croatia",3,42,42.00,29,42,04/12/22,,
3,"Zagreb-3, Croatia",3,67,67.00,27,43,04/13/22,,
3,"Zagreb-3, Croatia",3,57,57.00,34,39,04/14/22,,
3,"Zagreb-3, Croatia",3,82,82.00,8,32,04/15/22,,
3,"Zagreb-3, Croatia",3,26,26.00,11,35,04/16/22,,
3,"Zagreb-3, Croatia",3,42,42.00,13,36,04/17/22,,
3,"Zagreb-3, Croatia",3,48,48.00,12,34,04/18/22,,
3,"Zagreb-3, Croatia",3,44,44.00,19,34,04/19/22,,
3,"Zagreb-3, Croatia",3,61,61.00,36,27,04/20/22,,
3,"Zagreb-3, Croatia",3,95,95.00,23,21,04/21/22,,
3,"Zagreb-3, Croatia",3,73,73.00,19,28,04/22/22,,
3,"Zagreb-3, Croatia",3,59,59.00,11,34,04/23/22,,
3,"Zagreb-3, Croatia",3,30,30.00,8,32,04/24/22,,
3,"Zagreb-3, Croatia",3,22,22.00,14,29,04/25/22,,
3,"Zagreb-3, Croatia",3,42,42.00,9,24,04/26/22,,
3,"Zagreb-3, Croatia",3,31,31.00,15,40,04/27/22,,
3,"Zagreb-3, Croatia",3,47,47.00,20,38,04/28/22,,
3,"Zagreb-3, Croatia",3,55,55.00,23,41,04/29/22,,
3,"Zagreb-3, Croatia",3,61,61.00,17,37,04/30/22,,
3,"Zagreb-3, Croatia",3,53,53.00,16,31,05/01/22,,
3,"Zagreb-3, Croatia",3,49,49.00,21,36,05/02/22,,
3,"Zagreb-3, Croatia",3,55,55.00,23,35,05/03/22,,
3,"Zagreb-3, Croatia",3,57,57.00,22,32,05/04/22,,
3,"Zagreb-3, Croatia",3,55,55.00,21,28,05/05/22,,
3,"Zagreb-3, Croatia",3,60,60.00,26,23,05/06/22,,
3,"Zagreb-3, Croatia",3,76,76.00,24,34,05/07/22,,
3,"Zagreb-3, Croatia",3,69,69.00,20,35,05/08/22,,
3,"Zagreb-3, Croatia",3,57,57.00,24,38,05/09/22,,
3,"Zagreb-3, Croatia",3,64,64.00,28,36,05/10/22,,
3,"Zagreb-3, Croatia",3,60,60.00,24,43,05/11/22,,
3,"Zagreb-3, Croatia",3,55,55.00,21,42,05/12/22,,
3,"Zagreb-3, Croatia",3,54,54.00,18,40,05/13/22,,
3,"Zagreb-3, Croatia",3,51,51.00,22,40,05/14/22,,
3,"Zagreb-3, Croatia",3,57,57.00,22,34,05/15/22,,
3,"Zagreb-3, Croatia",3,57,57.00,15,34,05/16/22,,
3,"Zagreb-3, Croatia",3,46,46.00,17,38,05/17/22,,
3,"Zagreb-3, Croatia",3,39,39.00,17,33,05/18/22,,
3,"Zagreb-3, Croatia",3,34,34.00,20,43,05/19/22,,
3,"Zagreb-3, Croatia",3,41,41.00,19,46,05/20/22,,
3,"Zagreb-3, Croatia",3,45,45.00,12,40,05/21/22,,
3,"Zagreb-3, Croatia",3,30,30.00,18,37,05/22/22,,
3,"Zagreb-3, Croatia",3,41,41.00,38,34,05/23/22,,
3,"Zagreb-3, Croatia",3,63,63.00,24,36,05/24/22,,
3,"Zagreb-3, Croatia",3,52,52.00,12,36,05/25/22,,
3,"Zagreb-3, Croatia",3,25,25.00,23,40,05/26/22,,
3,"Zagreb-3, Croatia",3,43,43.00,11,26,05/27/22,,
3,"Zagreb-3, Croatia",3,31,31.00,6,25,05/28/22,,
3,"Zagreb-3, Croatia",3,21,21.00,7,24,05/29/22,,
3,"Zagreb-3, Croatia",3,24,24.00,12,16,05/30/22,,
3,"Zagreb-3, Croatia",3,40,40.00,18,33,05/31/22,,
3,"Zagreb-3, Croatia",3,51,51.00,15,39,06/01/22,,
3,"Zagreb-3, Croatia",3,37,37.00,15,33,06/02/22,,
3,"Zagreb-3, Croatia",3,40,40.00,11,35,06/05/22,,
3,"Zagreb-3, Croatia",3,31,31.00,17,38,06/06/22,,
3,"Zagreb-3, Croatia",3,46,46.00,7,22,06/07/22,,
3,"Zagreb-3, Croatia",3,20,20.00,9,27,06/08/22,,
3,"Zagreb-3, Croatia",3,28,28.00,7,35,06/09/22,,
3,"Zagreb-3, Croatia",3,18,18.00,11,41,06/10/22,,
3,"Zagreb-3, Croatia",3,29,29.00,13,41,06/11/22,,
3,"Zagreb-3, Croatia",3,39,39.00,16,35,06/12/22,,
3,"Zagreb-3, Croatia",3,47,47.00,12,39,06/13/22,,
3,"Zagreb-3, Croatia",3,31,31.00,17,39,06/14/22,,
3,"Zagreb-3, Croatia",3,45,45.00,16,38,06/15/22,,
3,"Zagreb-3, Croatia",3,50,50.00,16,40,06/16/22,,
3,"Zagreb-3, Croatia",3,46,46.00,13,41,06/17/22,,
3,"Zagreb-3, Croatia",3,35,35.00,16,39,06/18/22,,
3,"Zagreb-3, Croatia",3,46,46.00,21,42,06/19/22,,
3,"Zagreb-3, Croatia",3,48,48.00,22,44,06/20/22,,
3,"Zagreb-3, Croatia",3,53,53.00,19,46,06/21/22,,
3,"Zagreb-3, Croatia",3,52,52.00,15,52,06/22/22,,
3,"Zagreb-3, Croatia",3,41,41.00,24,43,06/23/22,,
3,"Zagreb-3, Croatia",3,56,56.00,21,54,06/24/22,,
3,"Zagreb-3, Croatia",3,51,51.00,15,58,06/25/22,,
3,"Zagreb-3, Croatia",3,42,42.00,24,47,06/26/22,,
3,"Zagreb-3, Croatia",3,52,52.00,30,76,06/27/22,,
3,"Zagreb-3, Croatia",3,67,67.00,29,70,06/28/22,,
3,"Zagreb-3, Croatia",3,58,58.00,25,75,06/29/22,,
3,"Zagreb-3, Croatia",3,59,59.00,19,79,06/30/22,,
3,"Zagreb-3, Croatia",3,41,41.00,10,89,07/01/22,,
3,"Zagreb-3, Croatia",3,16,16.00,14,101,07/02/22,,
3,"Zagreb-3, Croatia",3,31,31.00,23,46,07/03/22,,
3,"Zagreb-3, Croatia",3,48,48.00,12,37,07/04/22,,
3,"Zagreb-3, Croatia",3,28,28.00,16,40,07/05/22,,
3,"Zagreb-3, Croatia",3,31,31.00,12,38,07/06/22,,
3,"Zagreb-3, Croatia",3,33,33.00,11,24,07/07/22,,
3,"Zagreb-3, Croatia",3,31,31.00,8,30,07/08/22,,
3,"Zagreb-3, Croatia",3,22,22.00,9,30,07/09/22,,
3,"Zagreb-3, Croatia",3,28,28.00,9,28,07/10/22,,
3,"Zagreb-3, Croatia",3,22,22.00,11,32,07/11/22,,
3,"Zagreb-3, Croatia",3,29,29.00,8,34,07/12/22,,
3,"Zagreb-3, Croatia",3,20,20.00,13,36,07/13/22,,
3,"Zagreb-3, Croatia",3,30,30.00,16,39,07/14/22,,
3,"Zagreb-3, Croatia",3,39,39.00,14,43,07/15/22,,
3,"Zagreb-3, Croatia",3,32,32.00,11,38,07/16/22,,
3,"Zagreb-3, Croatia",3,22,22.00,18,43,07/17/22,,
3,"Zagreb-3, Croatia",3,30,30.00,21,45,07/18/22,,
3,"Zagreb-3, Croatia",3,34,34.00,21,43,07/19/22,,
3,"Zagreb-3, Croatia",3,36,36.00,23,51,07/20/22,,
3,"Zagreb-3, Croatia",3,40,40.00,27,57,07/21/22,,
3,"Zagreb-3, Croatia",3,51,51.00,26,52,07/22/22,,
3,"Zagreb-3, Croatia",3,60,60.00,15,53,07/23/22,,
3,"Zagreb-3, Croatia",3,47,47.00,16,50,07/24/22,,
3,"Zagreb-3, Croatia",3,47,47.00,17,32,07/25/22,,
3,"Zagreb-3, Croatia",3,52,52.00,18,40,07/26/22,,
3,"Zagreb-3, Croatia",3,57,57.00,17,44,07/27/22,,
3,"Zagreb-3, Croatia",3,47,47.00,23,47,07/28/22,,
3,"Zagreb-3, Croatia",3,53,53.00,14,28,07/29/22,,
3,"Zagreb-3, Croatia",3,46,46.00,12,44,07/30/22,,
3,"Zagreb-3, Croatia",3,38,38.00,15,41,07/31/22,,
3,"Zagreb-3, Croatia",3,44,44.00,11,27,08/01/22,,
3,"Zagreb-3, Croatia",3,32,32.00,13,44,08/02/22,,
3,"Zagreb-3, Croatia",3,38,38.00,13,49,08/03/22,,
3,"Zagreb-3, Croatia",3,33,33.00,13,48,08/04/22,,
3,"Zagreb-3, Croatia",3,38,38.00,16,49,08/05/22,,
3,"Zagreb-3, Croatia",3,43,43.00,9,39,08/06/22,,
3,"Zagreb-3, Croatia",3,31,31.00,9,36,08/07/22,,
3,"Zagreb-3, Croatia",3,25,25.00,11,41,08/08/22,,
3,"Zagreb-3, Croatia",3,30,30.00,11,35,08/09/22,,
3,"Zagreb-3, Croatia",3,27,27.00,14,37,08/10/22,,
3,"Zagreb-3, Croatia",3,35,35.00,17,35,08/11/22,,
3,"Zagreb-3, Croatia",3,31,31.00,8,35,08/12/22,,
3,"Zagreb-3, Croatia",3,30,30.00,12,44,08/13/22,,
3,"Zagreb-3, Croatia",3,44,44.00,13,46,08/14/22,,
3,"Zagreb-3, Croatia",3,45,45.00,12,43,08/15/22,,
3,"Zagreb-3, Croatia",3,37,37.00,14,43,08/16/22,,
3,"Zagreb-3, Croatia",3,43,43.00,21,41,08/17/22,,
3,"Zagreb-3, Croatia",3,46,46.00,23,32,08/18/22,,
3,"Zagreb-3, Croatia",3,51,51.00,15,34,08/19/22,,
3,"Zagreb-3, Croatia",3,46,46.00,8,34,08/20/22,,
3,"Zagreb-3, Croatia",3,25,25.00,9,15,08/21/22,,
3,"Zagreb-3, Croatia",3,33,33.00,5,18,08/22/22,,
3,"Zagreb-3, Croatia",3,17,17.00,10,33,08/23/22,,
3,"Zagreb-3, Croatia",3,29,29.00,17,36,08/24/22,,
3,"Zagreb-3, Croatia",3,51,51.00,26,43,08/25/22,,
3,"Zagreb-3, Croatia",3,63,63.00,29,46,08/26/22,,
3,"Zagreb-3, Croatia",3,62,62.00,13,39,08/27/22,,
3,"Zagreb-3, Croatia",3,44,44.00,10,31,08/28/22,,
3,"Zagreb-3, Croatia",3,30,30.00,13,40,08/29/22,,
3,"Zagreb-3, Croatia",3,39,39.00,17,39,08/30/22,,
3,"Zagreb-3, Croatia",3,46,46.00,9,28,08/31/22,,
3,"Zagreb-3, Croatia",3,31,31.00,13,26,09/01/22,,
3,"Zagreb-3, Croatia",3,37,37.00,14,29,09/02/22,,
3,"Zagreb-3, Croatia",3,43,43.00,16,36,09/03/22,,
3,"Zagreb-3, Croatia",3,49,49.00,21,33,09/04/22,,
3,"Zagreb-3, Croatia",3,60,60.00,21,32,09/05/22,,
3,"Zagreb-3, Croatia",3,56,56.00,22,43,09/06/22,,
3,"Zagreb-3, Croatia",3,59,59.00,15,21,09/07/22,,
3,"Zagreb-3, Croatia",3,44,44.00,9,25,09/08/22,,
3,"Zagreb-3, Croatia",3,29,29.00,7,29,09/09/22,,
3,"Zagreb-3, Croatia",3,23,23.00,6,26,09/10/22,,
3,"Zagreb-3, Croatia",3,16,16.00,8,26,09/11/22,,
3,"Zagreb-3, Croatia",3,24,24.00,11,30,09/12/22,,
3,"Zagreb-3, Croatia",3,34,34.00,10,35,09/13/22,,
3,"Zagreb-3, Croatia",3,20,20.00,11,25,09/14/22,,
3,"Zagreb-3, Croatia",3,30,30.00,7,21,09/15/22,,
3,"Zagreb-3, Croatia",3,29,29.00,5,24,09/16/22,,
3,"Zagreb-3, Croatia",3,20,20.00,5,18,09/17/22,,
3,"Zagreb-3, Croatia",3,19,19.00,7,19,09/18/22,,
3,"Zagreb-3, Croatia",3,27,27.00,8,20,09/19/22,,
3,"Zagreb-3, Croatia",3,32,32.00,8,24,09/20/22,,
3,"Zagreb-3, Croatia",3,29,29.00,12,20,09/21/22,,
3,"Zagreb-3, Croatia",3,43,43.00,13,24,09/22/22,,
3,"Zagreb-3, Croatia",3,46,46.00,16,27,09/23/22,,
3,"Zagreb-3, Croatia",3,53,53.00,13,20,09/24/22,,
3,"Zagreb-3, Croatia",3,49,49.00,16,19,09/25/22,,
3,"Zagreb-3, Croatia",3,58,58.00,10,16,09/26/22,,
3,"Zagreb-3, Croatia",3,40,40.00,10,14,09/27/22,,
3,"Zagreb-3, Croatia",3,34,34.00,10,14,09/28/22,,
3,"Zagreb-3, Croatia",3,41,41.00,10,11,09/29/22,,
3,"Zagreb-3, Croatia",3,41,41.00,9,23,09/30/22,,
3,"Zagreb-3, Croatia",3,37,37.00,11,20,10/01/22,,
3,"Zagreb-3, Croatia",3,41,41.00,10,20,10/02/22,,
3,"Zagreb-3, Croatia",3,37,37.00,13,19,10/03/22,,
3,"Zagreb-3, Croatia",3,44,44.00,16,17,10/04/22,,
3,"Zagreb-3, Croatia",3,55,55.00,22,18,10/05/22,,
3,"Zagreb-3, Croatia",3,68,68.00,24,25,10/06/22,,
3,"Zagreb-3, Croatia",3,72,72.00,35,17,10/07/22,,
3,"Zagreb-3, Croatia",3,102,102.00,25,24,10/08/22,,
3,"Zagreb-3, Croatia",3,77,77.00,27,17,10/09/22,,
3,"Zagreb-3, Croatia",3,81,81.00,34,18,10/10/22,,
3,"Zagreb-3, Croatia",3,97,97.00,37,10,10/11/22,,
3,"Zagreb-3, Croatia",3,116,116.00,42,20,10/16/22,,
3,"Zagreb-3, Croatia",3,112,112.00,48,18,10/17/22,,
3,"Zagreb-3, Croatia",3,128,128.00,48,8,10/18/22,,
3,"Zagreb-3, Croatia",3,135,135.00,19,16,10/19/22,,
3,"Zagreb-3, Croatia",3,62,62.00,27,19,10/20/22,,
3,"Zagreb-3, Croatia",3,82,82.00,12,21,10/21/22,,
3,"Zagreb-3, Croatia",3,44,44.00,13,22,10/22/22,,
3,"Zagreb-3, Croatia",3,50,50.00,22,19,10/23/22,,
3,"Zagreb-3, Croatia",3,66,66.00,11,13,10/24/22,,
3,"Zagreb-3, Croatia",3,45,45.00,24,5,10/25/22,,
3,"Zagreb-3, Croatia",3,78,78.00,20,7,10/26/22,,
3,"Zagreb-3, Croatia",3,70,70.00,14,6,10/27/22,,
3,"Zagreb-3, Croatia",3,53,53.00,14,6,10/28/22,,
3,"Zagreb-3, Croatia",3,53,53.00,18,3,10/29/22,,
3,"Zagreb-3, Croatia",3,65,65.00,26,3,10/30/22,,
3,"Zagreb-3, Croatia",3,85,85.00,29,6,10/31/22,,
3,"Zagreb-3, Croatia",3,93,93.00,34,11,11/01/22,,
3,"Zagreb-3, Croatia",3,101,101.00,26,17,11/02/22,,
3,"Zagreb-3, Croatia",3,82,82.00,30,13,11/03/22,,
3,"Zagreb-3, Croatia",3,95,95.00,9,21,11/04/22,,
3,"Zagreb-3, Croatia",3,35,35.00,12,23,11/05/22,,
3,"Zagreb-3, Croatia",3,42,42.00,35,13,11/06/22,,
3,"Zagreb-3, Croatia",3,104,104.00,47,6,11/07/22,,
3,"Zagreb-3, Croatia",3,132,132.00,37,15,11/08/22,,
3,"Zagreb-3, Croatia",3,105,105.00,27,16,11/09/22,,
3,"Zagreb-3, Croatia",3,85,85.00,33,3,11/10/22,,
3,"Zagreb-3, Croatia",3,103,103.00,33,1,11/11/22,,
3,"Zagreb-3, Croatia",3,105,105.00,38,14,11/12/22,,
3,"Zagreb-3, Croatia",3,115,115.00,37,3,11/13/22,,
3,"Zagreb-3, Croatia",3,113,113.00,30,4,11/14/22,,
3,"Zagreb-3, Croatia",3,96,96.00,34,2,11/15/22,,
3,"Zagreb-3, Croatia",3,105,105.00,21,4,11/16/22,,
3,"Zagreb-3, Croatia",3,74,74.00,19,2,11/17/22,,
3,"Zagreb-3, Croatia",3,69,69.00,21,8,11/18/22,,
3,"Zagreb-3, Croatia",3,74,74.00,18,9,11/19/22,,
3,"Zagreb-3, Croatia",3,61,61.00,16,9,11/20/22,,
3,"Zagreb-3, Croatia",3,60,60.00,15,12,11/21/22,,
3,"Zagreb-3, Croatia",3,58,58.00,16,12,11/22/22,,
3,"Zagreb-3, Croatia",3,51,51.00,38,6,11/23/22,,
3,"Zagreb-3, Croatia",3,111,111.00,48,1,11/24/22,,
3,"Zagreb-3, Croatia",3,136,136.00,48,2,11/25/22,,
3,"Zagreb-3, Croatia",3,137,137.00,42,11,11/26/22,,
3,"Zagreb-3, Croatia",3,122,122.00,41,12,11/27/22,,
3,"Zagreb-3, Croatia",3,115,115.00,34,11,11/28/22,,
3,"Zagreb-3, Croatia",3,103,103.00,23,11,11/29/22,,
3,"Zagreb-3, Croatia",3,78,78.00,23,10,11/30/22,,
3,"Zagreb-3, Croatia",3,78,78.00,31,7,12/01/22,,
3,"Zagreb-3, Croatia",3,98,98.00,39,3,12/02/22,,
3,"Zagreb-3, Croatia",3,118,118.00,35,3,12/03/22,,
3,"Zagreb-3, Croatia",3,107,107.00,29,2,12/04/22,,
3,"Zagreb-3, Croatia",3,93,93.00,31,3,12/05/22,,
3,"Zagreb-3, Croatia",3,133,133.00,34,4,12/07/22,,
3,"Zagreb-3, Croatia",3,105,105.00,33,3,12/08/22,,
3,"Zagreb-3, Croatia",3,104,104.00,18,11,12/09/22,,
3,"Zagreb-3, Croatia",3,66,66.00,16,14,12/10/22,,
3,"Zagreb-3, Croatia",3,59,59.00,29,16,12/11/22,,
3,"Zagreb-3, Croatia",3,89,89.00,57,2,12/12/22,,
3,"Zagreb-3, Croatia",3,155,155.00,57,5,12/13/22,,
3,"Zagreb-3, Croatia",3,157,157.00,61,3,12/14/22,,
3,"Zagreb-3, Croatia",3,161,161.00,46,3,12/15/22,,
3,"Zagreb-3, Croatia",3,135,135.00,36,4,12/16/22,,
3,"Zagreb-3, Croatia",3,109,109.00,40,15,12/17/22,,
3,"Zagreb-3, Croatia",3,117,117.00,44,10,12/18/22,,
3,"Zagreb-3, Croatia",3,127,127.00,32,12,12/19/22,,
3,"Zagreb-3, Croatia",3,97,97.00,42,3,12/20/22,,
3,"Zagreb-3, Croatia",3,123,123.00,55,2,12/21/22,,
3,"Zagreb-3, Croatia",3,147,147.00,44,8,12/22/22,,
3,"Zagreb-3, Croatia",3,123,123.00,26,14,12/23/22,,
3,"Zagreb-3, Croatia",3,80,80.00,63,4,12/24/22,,
3,"Zagreb-3, Croatia",3,162,162.00,23,15,12/25/22,,
3,"Zagreb-3, Croatia",3,78,78.00,17,15,12/26/22,,
3,"Zagreb-3, Croatia",3,64,64.00,29,15,12/27/22,,
3,"Zagreb-3, Croatia",3,88,88.00,49,8,12/28/22,,
3,"Zagreb-3, Croatia",3,129,129.00,24,17,12/29/22,,
3,"Zagreb-3, Croatia",3,80,80.00,19,17,12/30/22,,
3,"Zagreb-3, Croatia",3,67,67.00,17,18,12/31/22,,
3,"Zagreb-3, Croatia",3,64,64.00,12,23,01/01/23,,
3,"Zagreb-3, Croatia",3,49,49.00,20,17,01/02/23,,
3,"Zagreb-3, Croatia",3,69,69.00,27,14,01/03/23,,
3,"Zagreb-3, Croatia",3,86,86.00,22,9,01/04/23,,
3,"Zagreb-3, Croatia",3,74,74.00,32,10,01/05/23,,
3,"Zagreb-3, Croatia",3,97,97.00,32,12,01/06/23,,
3,"Zagreb-3, Croatia",3,100,100.00,16,24,01/07/23,,
3,"Zagreb-3, Croatia",3,57,57.00,14,21,01/08/23,,
3,"Zagreb-3, Croatia",3,51,51.00,6,21,01/09/23,,
3,"Zagreb-3, Croatia",3,25,25.00,24,12,01/10/23,,
3,"Zagreb-3, Croatia",3,76,76.00,43,7,01/11/23,,
3,"Zagreb-3, Croatia",3,122,122.00,60,3,01/12/23,,
3,"Zagreb-3, Croatia",3,154,154.00,50,9,01/13/23,,
3,"Zagreb-3, Croatia",3,141,141.00,34,7,01/14/23,,
3,"Zagreb-3, Croatia",3,105,105.00,20,19,01/15/23,,
3,"Zagreb-3, Croatia",3,66,66.00,18,16,01/16/23,,
3,"Zagreb-3, Croatia",3,65,65.00,23,9,01/17/23,,
3,"Zagreb-3, Croatia",3,79,79.00,21,15,01/18/23,,
3,"Zagreb-3, Croatia",3,72,72.00,34,14,01/19/23,,
3,"Zagreb-3, Croatia",3,92,92.00,33,18,01/20/23,,
3,"Zagreb-3, Croatia",3,79,79.00,13,17,01/21/23,,
3,"Zagreb-3, Croatia",3,48,48.00,13,15,01/22/23,,
3,"Zagreb-3, Croatia",3,53,53.00,23,13,01/23/23,,
3,"Zagreb-3, Croatia",3,77,77.00,25,13,01/24/23,,
3,"Zagreb-3, Croatia",3,81,81.00,24,18,01/25/23,,
3,"Zagreb-3, Croatia",3,111,111.00,32,28,02/01/23,,
3,"Zagreb-3, Croatia",3,93,93.00,21,19,02/02/23,,
3,"Zagreb-3, Croatia",3,63,63.00,16,27,02/03/23,,
3,"Zagreb-3, Croatia",3,50,50.00,7,25,02/04/23,,
3,"Zagreb-3, Croatia",3,29,29.00,22,20,02/05/23,,
3,"Zagreb-3, Croatia",3,73,73.00,45,15,02/06/23,,
3,"Zagreb-3, Croatia",3,123,123.00,47,18,02/07/23,,
3,"Zagreb-3, Croatia",3,126,126.00,38,27,02/08/23,,
3,"Zagreb-3, Croatia",3,109,109.00,61,18,02/09/23,,
3,"Zagreb-3, Croatia",3,150,150.00,54,25,02/10/23,,
3,"Zagreb-3, Croatia",3,141,141.00,47,18,02/11/23,,
3,"Zagreb-3, Croatia",3,127,127.00,35,20,02/12/23,,
3,"Zagreb-3, Croatia",3,102,102.00,47,21,02/13/23,,
3,"Zagreb-3, Croatia",3,128,128.00,50,21,02/14/23,,
3,"Zagreb-3, Croatia",3,137,137.00,64,16,02/15/23,,
3,"Zagreb-3, Croatia",3,157,157.00,35,32,02/16/23,,
3,"Zagreb-3, Croatia",3,104,104.00,40,32,02/17/23,,
3,"Zagreb-3, Croatia",3,115,115.00,21,33,02/18/23,,
3,"Zagreb-3, Croatia",3,72,72.00,25,25,02/19/23,,
3,"Zagreb-3, Croatia",3,81,81.00,28,23,02/20/23,,
3,"Zagreb-3, Croatia",3,86,86.00,45,21,02/21/23,,
3,"Zagreb-3, Croatia",3,125,125.00,61,14,02/22/23,,
3,"Zagreb-3, Croatia",3,153,153.00,32,26,02/23/23,,
3,"Zagreb-3, Croatia",3,93,93.00,13,29,02/24/23,,
3,"Zagreb-3, Croatia",3,46,46.00,11,27,02/25/23,,
3,"Zagreb-3, Croatia",3,39,39.00,19,25,02/26/23,,
3,"Zagreb-3, Croatia",3,62,62.00,24,23,02/27/23,,
3,"Zagreb-3, Croatia",3,78,78.00,26,15,02/28/23,,
3,"Zagreb-3, Croatia",3,84,84.00,34,16,03/01/23,,
3,"Zagreb-3, Croatia",3,103,103.00,44,11,03/02/23,,
3,"Zagreb-3, Croatia",3,124,124.00,40,20,03/03/23,,
3,"Zagreb-3, Croatia",3,112,112.00,32,27,03/04/23,,
3,"Zagreb-3, Croatia",3,97,97.00,32,24,03/05/23,,
3,"Zagreb-3, Croatia",3,93,93.00,24,36,03/06/23,,
3,"Zagreb-3, Croatia",3,78,78.00,10,33,03/07/23,,
3,"Zagreb-3, Croatia",3,38,38.00,11,31,03/08/23,,
3,"Zagreb-3, Croatia",3,33,33.00,23,22,03/09/23,,
3,"Zagreb-3, Croatia",3,72,72.00,12,28,03/10/23,,
3,"Zagreb-3, Croatia",3,42,42.00,14,32,03/11/23,,
3,"Zagreb-3, Croatia",3,49,49.00,31,32,03/12/23,,
3,"Zagreb-3, Croatia",3,89,89.00,9,31,03/13/23,,
3,"Zagreb-3, Croatia",3,32,32.00,7,28,03/14/23,,
3,"Zagreb-3, Croatia",3,25,25.00,15,31,03/15/23,,
3,"Zagreb-3, Croatia",3,49,49.00,35,32,03/16/23,,
3,"Zagreb-3, Croatia",3,98,98.00,26,36,03/17/23,,
3,"Zagreb-3, Croatia",3,78,78.00,26,39,03/18/23,,
3,"Zagreb-3, Croatia",3,80,80.00,19,29,03/19/23,,
3,"Zagreb-3, Croatia",3,65,65.00,30,32,03/20/23,,
3,"Zagreb-3, Croatia",3,89,89.00,35,30,03/21/23,,
3,"Zagreb-3, Croatia",3,99,99.00,28,30,03/22/23,,
3,"Zagreb-3, Croatia",3,81,81.00,15,39,03/23/23,,
3,"Zagreb-3, Croatia",3,47,47.00,8,32,03/24/23,,
3,"Zagreb-3, Croatia",3,34,34.00,19,31,03/25/23,,
3,"Zagreb-3, Croatia",3,65,65.00,3,31,03/26/23,,
3,"Zagreb-3, Croatia",3,13,13.00,10,32,03/27/23,,
3,"Zagreb-3, Croatia",3,34,34.00,27,24,03/28/23,,
3,"Zagreb-3, Croatia",3,76,76.00,10,35,03/29/23,,
3,"Zagreb-3, Croatia",3,33,33.00,11,35,03/30/23,,
3,"Zagreb-3, Croatia",3,37,37.00,6,34,03/31/23,,
3,"Zagreb-3, Croatia",3,25,25.00,10,28,04/01/23,,
3,"Zagreb-3, Croatia",3,40,40.00,7,32,04/02/23,,
3,"Zagreb-3, Croatia",3,25,25.00,10,33,04/03/23,,
3,"Zagreb-3, Croatia",3,35,35.00,13,35,04/04/23,,
3,"Zagreb-3, Croatia",3,48,48.00,19,35,04/05/23,,
3,"Zagreb-3, Croatia",3,58,58.00,32,36,04/06/23,,
3,"Zagreb-3, Croatia",3,92,92.00,28,34,04/07/23,,
3,"Zagreb-3, Croatia",3,87,87.00,14,27,04/08/23,,
3,"Zagreb-3, Croatia",3,55,55.00,18,33,04/09/23,,
3,"Zagreb-3, Croatia",3,64,64.00,36,12,04/10/23,,
3,"Zagreb-3, Croatia",3,50,50.00,17,28,04/18/23,,
3,"Zagreb-3, Croatia",3,60,60.00,19,32,04/19/23,,
3,"Zagreb-3, Croatia",3,62,62.00,26,35,04/20/23,,
3,"Zagreb-3, Croatia",3,76,76.00,22,40,04/21/23,,
3,"Zagreb-3, Croatia",3,66,66.00,22,36,04/22/23,,
3,"Zagreb-3, Croatia",3,70,70.00,12,25,04/23/23,,
3,"Zagreb-3, Croatia",3,46,46.00,6,34,04/24/23,,
3,"Zagreb-3, Croatia",3,20,20.00,11,33,04/25/23,,
3,"Zagreb-3, Croatia",3,38,38.00,14,38,04/26/23,,
3,"Zagreb-3, Croatia",3,48,48.00,17,28,04/27/23,,
3,"Zagreb-3, Croatia",3,55,55.00,12,40,04/28/23,,
3,"Zagreb-3, Croatia",3,40,40.00,11,34,04/29/23,,
3,"Zagreb-3, Croatia",3,43,43.00,14,35,04/30/23,,
3,"Zagreb-3, Croatia",3,52,52.00,17,28,05/01/23,,
3,"Zagreb-3, Croatia",3,63,63.00,10,30,05/02/23,,
3,"Zagreb-3, Croatia",3,42,42.00,15,35,05/03/23,,
3,"Zagreb-3, Croatia",3,53,53.00,20,37,05/04/23,,
3,"Zagreb-3, Croatia",3,63,63.00,23,44,05/05/23,,
3,"Zagreb-3, Croatia",3,71,71.00,16,41,05/06/23,,
3,"Zagreb-3, Croatia",3,56,56.00,19,23,05/07/23,,
3,"Zagreb-3, Croatia",3,64,64.00,16,29,05/08/23,,
3,"Zagreb-3, Croatia",3,51,51.00,19,25,05/09/23,,
3,"Zagreb-3, Croatia",3,62,62.00,18,19,05/10/23,,
3,"Zagreb-3, Croatia",3,64,64.00,7,10,05/11/23,,
3,"Zagreb-3, Croatia",3,33,33.00,14,19,05/12/23,,
3,"Zagreb-3, Croatia",3,55,55.00,13,20,05/13/23,,
3,"Zagreb-3, Croatia",3,51,51.00,8,23,05/14/23,,
3,"Zagreb-3, Croatia",3,33,33.00,5,25,05/15/23,,
3,"Zagreb-3, Croatia",3,23,23.00,4,29,05/16/23,,
3,"Zagreb-3, Croatia",3,15,15.00,13,28,05/17/23,,
3,"Zagreb-3, Croatia",3,44,44.00,17,24,05/18/23,,
3,"Zagreb-3, Croatia",3,59,59.00,19,35,05/19/23,,
3,"Zagreb-3, Croatia",3,60,60.00,20,39,05/20/23,,
3,"Zagreb-3, Croatia",3,60,60.00,21,40,05/21/23,,
3,"Zagreb-3, Croatia",3,62,62.00,21,37,05/22/23,,
3,"Zagreb-3, Croatia",3,63,63.00,14,28,05/23/23,,
3,"Zagreb-3, Croatia",3,53,53.00,14,35,05/24/23,,
3,"Zagreb-3, Croatia",3,49,49.00,18,36,05/25/23,,
3,"Zagreb-3, Croatia",3,53,53.00,17,35,05/28/23,,
3,"Zagreb-3, Croatia",3,55,55.00,14,37,05/29/23,,
3,"Zagreb-3, Croatia",3,47,47.00,18,26,05/30/23,,
3,"Zagreb-3, Croatia",3,59,59.00,20,39,05/31/23,,
3,"Zagreb-3, Croatia",3,66,66.00,20,44,06/01/23,,
3,"Zagreb-3, Croatia",3,70,70.00,13,35,06/02/23,,
3,"Zagreb-3, Croatia",3,53,53.00,13,35,06/03/23,,
3,"Zagreb-3, Croatia",3,53,53.00,15,16,06/04/23,,
3,"Zagreb-3, Croatia",3,59,59.00,12,19,06/05/23,,
3,"Zagreb-3, Croatia",3,48,48.00,11,32,06/06/23,,
3,"Zagreb-3, Croatia",3,41,41.00,10,32,06/07/23,,
3,"Zagreb-3, Croatia",3,41,41.00,10,33,06/08/23,,
3,"Zagreb-3, Croatia",3,41,41.00,12,35,06/09/23,,
3,"Zagreb-3, Croatia",3,46,46.00,11,31,06/10/23,,
3,"Zagreb-3, Croatia",3,47,47.00,9,35,06/11/23,,
3,"Zagreb-3, Croatia",3,34,34.00,12,36,06/12/23,,
3,"Zagreb-3, Croatia",3,39,39.00,12,40,06/13/23,,
3,"Zagreb-3, Croatia",3,44,44.00,13,40,06/14/23,,
3,"Zagreb-3, Croatia",3,43,43.00,13,41,06/15/23,,
3,"Zagreb-3, Croatia",3,49,49.00,13,40,06/16/23,,
3,"Zagreb-3, Croatia",3,49,49.00,15,45,06/17/23,,
3,"Zagreb-3, Croatia",3,60,60.00,18,47,06/18/23,,
3,"Zagreb-3, Croatia",3,58,58.00,19,45,06/19/23,,
3,"Zagreb-3, Croatia",3,62,62.00,22,59,06/20/23,,
3,"Zagreb-3, Croatia",3,61,61.00,19,37,06/21/23,,
3,"Zagreb-3, Croatia",3,56,56.00,26,34,06/22/23,,
3,"Zagreb-3, Croatia",3,54,54.00,8,29,06/23/23,,
3,"Zagreb-3, Croatia",3,31,31.00,10,39,06/24/23,,
3,"Zagreb-3, Croatia",3,40,40.00,14,42,06/25/23,,
3,"Zagreb-3, Croatia",3,48,48.00,16,36,06/26/23,,
3,"Zagreb-3, Croatia",3,55,55.00,9,33,06/27/23,,
3,"Zagreb-3, Croatia",3,37,37.00,9,39,06/28/23,,
3,"Zagreb-3, Croatia",3,32,32.00,10,34,06/29/23,,
3,"Zagreb-3, Croatia",3,35,35.00,10,38,06/30/23,,
3,"Zagreb-3, Croatia",3,37,37.00,10,36,07/01/23,,
3,"Zagreb-3, Croatia",3,43,43.00,9,35,07/02/23,,
3,"Zagreb-3, Croatia",3,35,35.00,7,34,07/03/23,,
3,"Zagreb-3, Croatia",3,30,30.00,12,34,07/04/23,,
3,"Zagreb-3, Croatia",3,44,44.00,6,38,07/05/23,,
3,"Zagreb-3, Croatia",3,22,22.00,10,36,07/06/23,,
3,"Zagreb-3, Croatia",3,34,34.00,11,42,07/07/23,,
3,"Zagreb-3, Croatia",3,37,37.00,13,41,07/08/23,,
3,"Zagreb-3, Croatia",3,48,48.00,15,36,07/09/23,,
3,"Zagreb-3, Croatia",3,49,49.00,19,42,07/10/23,,
3,"Zagreb-3, Croatia",3,56,56.00,18,35,07/11/23,,
3,"Zagreb-3, Croatia",3,44,44.00,12,40,07/12/23,,
3,"Zagreb-3, Croatia",3,34,34.00,5,41,07/13/23,,
3,"Zagreb-3, Croatia",3,21,21.00,11,35,07/14/23,,
3,"Zagreb-3, Croatia",3,39,39.00,13,45,07/15/23,,
3,"Zagreb-3, Croatia",3,49,49.00,16,36,07/16/23,,
3,"Zagreb-3, Croatia",3,50,50.00,15,40,07/17/23,,
3,"Zagreb-3, Croatia",3,41,41.00,11,29,07/18/23,,
3,"Zagreb-3, Croatia",3,33,33.00,8,38,07/20/23,,
3,"Zagreb-3, Croatia",3,19,19.00,4,27,07/26/23,,
3,"Zagreb-3, Croatia",3,16,16.00,12,8,07/27/23,,
3,"Zagreb-3, Croatia",3,35,35.00,7,30,07/30/23,,
3,"Zagreb-3, Croatia",3,28,28.00,11,36,07/31/23,,
3,"Zagreb-3, Croatia",3,41,41.00,3,31,08/01/23,,
3,"Zagreb-3, Croatia",3,14,14.00,10,27,08/02/23,,
3,"Zagreb-3, Croatia",3,40,40.00,4,21,08/03/23,,
3,"Zagreb-3, Croatia",3,19,19.00,2,20,08/04/23,,
3,"Zagreb-3, Croatia",3,13,13.00,4,25,08/07/23,,
3,"Zagreb-3, Croatia",3,15,15.00,8,22,08/08/23,,
3,"Zagreb-3, Croatia",3,31,31.00,8,29,08/09/23,,
3,"Zagreb-3, Croatia",3,28,28.00,9,36,08/10/23,,
3,"Zagreb-3, Croatia",3,36,36.00,12,37,08/11/23,,
3,"Zagreb-3, Croatia",3,40,40.00,13,42,08/12/23,,
3,"Zagreb-3, Croatia",3,49,49.00,22,41,08/13/23,,
3,"Zagreb-3, Croatia",3,65,65.00,18,43,08/14/23,,
3,"Zagreb-3, Croatia",3,60,60.00,18,43,08/15/23,,
3,"Zagreb-3, Croatia",3,59,59.00,18,45,08/16/23,,
3,"Zagreb-3, Croatia",3,62,62.00,19,38,08/17/23,,
3,"Zagreb-3, Croatia",3,61,61.00,19,32,08/18/23,,
3,"Zagreb-3, Croatia",3,65,65.00,20,40,08/19/23,,
3,"Zagreb-3, Croatia",3,67,67.00,22,42,08/20/23,,
3,"Zagreb-3, Croatia",3,69,69.00,20,45,08/21/23,,
3,"Zagreb-3, Croatia",3,62,62.00,24,43,08/22/23,,
3,"Zagreb-3, Croatia",3,67,67.00,22,40,08/23/23,,
3,"Zagreb-3, Croatia",3,68,68.00,22,33,08/24/23,,
3,"Zagreb-3, Croatia",3,68,68.00,25,31,08/25/23,,
3,"Zagreb-3, Croatia",3,75,75.00,24,36,08/26/23,,
3,"Zagreb-3, Croatia",3,76,76.00,18,30,08/27/23,,
3,"Zagreb-3, Croatia",3,51,51.00,12,25,08/28/23,,
3,"Zagreb-3, Croatia",3,38,38.00,3,19,08/29/23,,
3,"Zagreb-3, Croatia",3,15,15.00,4,27,08/30/23,,
3,"Zagreb-3, Croatia",3,19,19.00,10,26,08/31/23,,
3,"Zagreb-3, Croatia",3,34,34.00,15,1,09/01/23,,
3,"Zagreb-3, Croatia",3,54,54.00,12,27,09/02/23,,
3,"Zagreb-3, Croatia",3,39,39.00,9,34,09/03/23,,
3,"Zagreb-3, Croatia",3,27,27.00,11,32,09/04/23,,
3,"Zagreb-3, Croatia",3,35,35.00,15,35,09/05/23,,
3,"Zagreb-3, Croatia",3,45,45.00,18,37,09/06/23,,
3,"Zagreb-3, Croatia",3,51,51.00,21,39,09/07/23,,
3,"Zagreb-3, Croatia",3,51,51.00,24,39,09/08/23,,
3,"Zagreb-3, Croatia",3,61,61.00,25,41,09/09/23,,
3,"Zagreb-3, Croatia",3,64,64.00,30,40,09/10/23,,
3,"Zagreb-3, Croatia",3,70,70.00,28,32,09/11/23,,
3,"Zagreb-3, Croatia",3,70,70.00,23,36,09/12/23,,
3,"Zagreb-3, Croatia",3,62,62.00,18,22,09/13/23,,
3,"Zagreb-3, Croatia",3,52,52.00,14,25,09/14/23,,
3,"Zagreb-3, Croatia",3,44,44.00,17,31,09/15/23,,
3,"Zagreb-3, Croatia",3,53,53.00,15,28,09/16/23,,
3,"Zagreb-3, Croatia",3,49,49.00,19,22,09/17/23,,
3,"Zagreb-3, Croatia",3,55,55.00,12,20,09/18/23,,
3,"Zagreb-3, Croatia",3,38,38.00,13,20,09/19/23,,
3,"Zagreb-3, Croatia",3,41,41.00,12,24,09/20/23,,
3,"Zagreb-3, Croatia",3,36,36.00,20,19,09/21/23,,
3,"Zagreb-3, Croatia",3,52,52.00,8,25,09/22/23,,
3,"Zagreb-3, Croatia",3,26,26.00,3,26,09/23/23,,
3,"Zagreb-3, Croatia",3,10,10.00,8,23,09/24/23,,
3,"Zagreb-3, Croatia",3,30,30.00,19,25,09/25/23,,
3,"Zagreb-3, Croatia",3,53,53.00,26,32,09/26/23,,
3,"Zagreb-3, Croatia",3,63,63.00,27,30,09/27/23,,
3,"Zagreb-3, Croatia",3,64,64.00,28,29,09/28/23,,
3,"Zagreb-3, Croatia",3,67,67.00,29,31,09/29/23,,
3,"Zagreb-3, Croatia",3,75,75.00,25,23,09/30/23,,
3,"Zagreb-3, Croatia",3,74,74.00,19,21,10/01/23,,
3,"Zagreb-3, Croatia",3,59,59.00,19,20,10/02/23,,
3,"Zagreb-3, Croatia",3,55,55.00,19,23,10/03/23,,
3,"Zagreb-3, Croatia",3,47,47.00,20,22,10/04/23,,
3,"Zagreb-3, Croatia",3,50,50.00,22,29,10/05/23,,
3,"Zagreb-3, Croatia",3,57,57.00,19,25,10/06/23,,
3,"Zagreb-3, Croatia",3,57,57.00,14,23,10/07/23,,
3,"Zagreb-3, Croatia",3,38,38.00,12,21,10/08/23,,
3,"Zagreb-3, Croatia",3,29,29.00,21,18,10/09/23,,
3,"Zagreb-3, Croatia",3,55,55.00,26,17,10/10/23,,
3,"Zagreb-3, Croatia",3,67,67.00,24,25,10/11/23,,
3,"Zagreb-3, Croatia",3,67,67.00,27,25,10/12/23,,
3,"Zagreb-3, Croatia",3,72,72.00,23,26,10/13/23,,
3,"Zagreb-3, Croatia",3,69,69.00,8,19,10/14/23,,
3,"Zagreb-3, Croatia",3,31,31.00,12,13,10/15/23,,
3,"Zagreb-3, Croatia",3,46,46.00,23,19,10/16/23,,
3,"Zagreb-3, Croatia",3,71,71.00,35,18,10/17/23,,
3,"Zagreb-3, Croatia",3,98,98.00,33,6,10/18/23,,
3,"Zagreb-3, Croatia",3,90,90.00,33,19,10/19/23,,
3,"Zagreb-3, Croatia",3,69,69.00,12,16,10/20/23,,
3,"Zagreb-3, Croatia",3,36,36.00,7,18,10/21/23,,
3,"Zagreb-3, Croatia",3,23,23.00,11,18,10/22/23,,
3,"Zagreb-3, Croatia",3,37,37.00,15,15,10/23/23,,
3,"Zagreb-3, Croatia",3,39,39.00,8,24,10/24/23,,
3,"Zagreb-3, Croatia",3,25,25.00,8,20,10/25/23,,
3,"Zagreb-3, Croatia",3,23,23.00,7,11,10/26/23,,
3,"Zagreb-3, Croatia",3,25,25.00,11,16,10/27/23,,
3,"Zagreb-3, Croatia",3,37,37.00,13,21,10/28/23,,
3,"Zagreb-3, Croatia",3,44,44.00,15,21,10/29/23,,
3,"Zagreb-3, Croatia",3,40,40.00,8,19,10/30/23,,
3,"Zagreb-3, Croatia",3,29,29.00,15,10,10/31/23,,
3,"Zagreb-3, Croatia",3,52,52.00,14,18,11/01/23,,
3,"Zagreb-3, Croatia",3,44,44.00,9,24,11/02/23,,
3,"Zagreb-3, Croatia",3,29,29.00,14,13,11/03/23,,
3,"Zagreb-3, Croatia",3,47,47.00,9,25,11/04/23,,
3,"Zagreb-3, Croatia",3,31,31.00,12,22,11/05/23,,
3,"Zagreb-3, Croatia",3,38,38.00,15,12,11/06/23,,
3,"Zagreb-3, Croatia",3,53,53.00,15,14,11/07/23,,
3,"Zagreb-3, Croatia",3,51,51.00,22,13,11/08/23,,
3,"Zagreb-3, Croatia",3,70,70.00,22,9,11/09/23,,
3,"Zagreb-3, Croatia",3,73,73.00,15,19,11/10/23,,
3,"Zagreb-3, Croatia",3,49,49.00,31,5,11/11/23,,
3,"Zagreb-3, Croatia",3,94,94.00,25,6,11/12/23,,
3,"Zagreb-3, Croatia",3,77,77.00,23,8,11/13/23,,
3,"Zagreb-3, Croatia",3,68,68.00,20,9,11/14/23,,
3,"Zagreb-3, Croatia",3,65,65.00,42,2,11/15/23,,
3,"Zagreb-3, Croatia",3,115,115.00,23,18,11/16/23,,
3,"Zagreb-3, Croatia",3,68,68.00,31,14,11/17/23,,
3,"Zagreb-3, Croatia",3,93,93.00,41,8,11/18/23,,
3,"Zagreb-3, Croatia",3,119,119.00,53,7,11/19/23,,
3,"Zagreb-3, Croatia",3,128,128.00,27,12,11/20/23,,
3,"Zagreb-3, Croatia",3,77,77.00,9,17,11/21/23,,
3,"Zagreb-3, Croatia",3,37,37.00,28,7,11/22/23,,
3,"Zagreb-3, Croatia",3,82,82.00,25,16,11/23/23,,
3,"Zagreb-3, Croatia",3,75,75.00,8,22,11/24/23,,
3,"Zagreb-3, Croatia",3,32,32.00,22,16,11/25/23,,
3,"Zagreb-3, Croatia",3,71,71.00,41,7,11/26/23,,
3,"Zagreb-3, Croatia",3,112,112.00,37,3,11/27/23,,
3,"Zagreb-3, Croatia",3,107,107.00,26,12,11/28/23,,
3,"Zagreb-3, Croatia",3,79,79.00,41,4,11/29/23,,
3,"Zagreb-3, Croatia",3,116,116.00,29,4,11/30/23,,
3,"Zagreb-3, Croatia",3,89,89.00,16,5,12/01/23,,
3,"Zagreb-3, Croatia",3,59,59.00,27,14,12/02/23,,
3,"Zagreb-3, Croatia",3,85,85.00,51,6,12/03/23,,
3,"Zagreb-3, Croatia",3,143,143.00,38,18,12/04/23,,
3,"Zagreb-3, Croatia",3,113,113.00,30,6,12/05/23,,
3,"Zagreb-3, Croatia",3,93,93.00,49,3,12/06/23,,
3,"Zagreb-3, Croatia",3,127,127.00,64,2,12/07/23,,
3,"Zagreb-3, Croatia",3,157,157.00,36,8,12/08/23,,
3,"Zagreb-3, Croatia",3,109,109.00,26,8,12/09/23,,
3,"Zagreb-3, Croatia",3,81,81.00,30,5,12/10/23,,
3,"Zagreb-3, Croatia",3,91,91.00,51,2,12/11/23,,
3,"Zagreb-3, Croatia",3,140,140.00,43,2,12/12/23,,
3,"Zagreb-3, Croatia",3,117,117.00,20,13,12/13/23,,
3,"Zagreb-3, Croatia",3,64,64.00,20,12,12/14/23,,
3,"Zagreb-3, Croatia",3,65,65.00,25,10,12/15/23,,
3,"Zagreb-3, Croatia",3,78,78.00,44,8,12/16/23,,
3,"Zagreb-3, Croatia",3,121,121.00,68,5,12/17/23,,
3,"Zagreb-3, Croatia",3,161,161.00,78,9,12/18/23,,
3,"Zagreb-3, Croatia",3,174,174.00,74,37,12/19/23,,
3,"Zagreb-3, Croatia",3,169,169.00,53,6,12/20/23,,
3,"Zagreb-3, Croatia",3,145,145.00,34,7,12/21/23,,
3,"Zagreb-3, Croatia",3,96,96.00,47,16,12/22/23,,
3,"Zagreb-3, Croatia",3,122,122.00,58,11,12/23/23,,
3,"Zagreb-3, Croatia",3,153,153.00,19,20,12/24/23,,
3,"Zagreb-3, Croatia",3,64,64.00,19,22,12/25/23,,
3,"Zagreb-3, Croatia",3,62,62.00,42,7,12/26/23,,
3,"Zagreb-3, Croatia",3,116,116.00,22,22,12/27/23,,
3,"Zagreb-3, Croatia",3,72,72.00,17,19,12/28/23,,
3,"Zagreb-3, Croatia",3,57,57.00,24,15,12/29/23,,
3,"Zagreb-3, Croatia",3,53,53.00,22,19,01/01/24,,
3,"Zagreb-3, Croatia",3,73,73.00,11,21,01/02/24,,
3,"Zagreb-3, Croatia",3,35,35.00,19,18,01/03/24,,
3,"Zagreb-3, Croatia",3,61,61.00,46,5,01/04/24,,
3,"Zagreb-3, Croatia",3,126,126.00,28,14,01/05/24,,
3,"Zagreb-3, Croatia",3,86,86.00,7,20,01/06/24,,
3,"Zagreb-3, Croatia",3,30,30.00,18,22,01/07/24,,
3,"Zagreb-3, Croatia",3,65,65.00,27,15,01/08/24,,
3,"Zagreb-3, Croatia",3,84,84.00,44,11,01/09/24,,
3,"Zagreb-3, Croatia",3,120,120.00,60,12,01/10/24,,
3,"Zagreb-3, Croatia",3,151,151.00,51,6,01/11/24,,
3,"Zagreb-3, Croatia",3,138,138.00,47,14,01/12/24,,
3,"Zagreb-3, Croatia",3,126,126.00,61,9,01/13/24,,
3,"Zagreb-3, Croatia",3,158,158.00,47,19,01/14/24,,
3,"Zagreb-3, Croatia",3,127,127.00,21,14,01/15/24,,
3,"Zagreb-3, Croatia",3,69,69.00,34,10,01/16/24,,
3,"Zagreb-3, Croatia",3,103,103.00,17,16,01/17/24,,
3,"Zagreb-3, Croatia",3,59,59.00,18,19,01/18/24,,
3,"Zagreb-3, Croatia",3,62,62.00,50,11,01/19/24,,
3,"Zagreb-3, Croatia",3,139,139.00,47,19,01/20/24,,
3,"Zagreb-3, Croatia",3,132,132.00,63,10,01/21/24,,
3,"Zagreb-3, Croatia",3,160,160.00,39,16,01/22/24,,
3,"Zagreb-3, Croatia",3,111,111.00,45,24,01/23/24,,
3,"Zagreb-3, Croatia",3,124,124.00,35,16,01/24/24,,
3,"Zagreb-3, Croatia",3,100,100.00,35,17,01/25/24,,
3,"Zagreb-3, Croatia",3,90,90.00,36,21,01/26/24,,
3,"Zagreb-3, Croatia",3,95,95.00,49,19,01/27/24,,
3,"Zagreb-3, Croatia",3,130,130.00,62,12,01/28/24,,
3,"Zagreb-3, Croatia",3,154,154.00,60,14,01/29/24,,
3,"Zagreb-3, Croatia",3,152,152.00,69,10,01/30/24,,
3,"Zagreb-3, Croatia",3,167,167.00,69,9,01/31/24,,
3,"Zagreb-3, Croatia",3,164,164.00,54,15,02/01/24,,
3,"Zagreb-3, Croatia",3,132,132.00,50,13,02/02/24,,
3,"Zagreb-3, Croatia",3,127,127.00,61,12,02/03/24,,
3,"Zagreb-3, Croatia",3,154,154.00,33,23,02/04/24,,
3,"Zagreb-3, Croatia",3,92,92.00,24,24,02/05/24,,
3,"Zagreb-3, Croatia",3,76,76.00,21,24,02/06/24,,
3,"Zagreb-3, Croatia",3,66,66.00,17,27,02/07/24,,
3,"Zagreb-3, Croatia",3,56,56.00,15,30,02/08/24,,
3,"Zagreb-3, Croatia",3,49,49.00,24,25,02/09/24,,
3,"Zagreb-3, Croatia",3,67,67.00,13,15,02/10/24,,
3,"Zagreb-3, Croatia",3,51,51.00,12,18,02/11/24,,
3,"Zagreb-3, Croatia",3,39,39.00,27,14,02/12/24,,
3,"Zagreb-3, Croatia",3,74,74.00,34,18,02/13/24,,
3,"Zagreb-3, Croatia",3,92,92.00,39,17,02/14/24,,
3,"Zagreb-3, Croatia",3,103,103.00,29,22,02/15/24,,
3,"Zagreb-3, Croatia",3,84,84.00,45,19,02/16/24,,
3,"Zagreb-3, Croatia",3,122,122.00,27,21,02/17/24,,
3,"Zagreb-3, Croatia",3,84,84.00,47,4,02/18/24,,
3,"Zagreb-3, Croatia",3,130,130.00,39,21,02/19/24,,
3,"Zagreb-3, Croatia",3,108,108.00,24,26,02/20/24,,
3,"Zagreb-3, Croatia",3,70,70.00,14,32,02/21/24,,
3,"Zagreb-3, Croatia",3,48,48.00,8,34,02/22/24,,
3,"Zagreb-3, Croatia",3,28,28.00,8,29,02/23/24,,
3,"Zagreb-3, Croatia",3,29,28.00,29,21,02/24/24,,
3,"Zagreb-3, Croatia",3,87,87.00,28,23,02/25/24,,
3,"Zagreb-3, Croatia",3,82,82.00,42,3,02/26/24,,
3,"Zagreb-3, Croatia",3,116,116.00,41,3,02/27/24,,
3,"Zagreb-3, Croatia",3,118,118.00,44,10,02/28/24,,
3,"Zagreb-3, Croatia",3,122,122.00,45,12,02/29/24,,
3,"Zagreb-3, Croatia",3,129,129.00,35,18,03/01/24,,
3,"Zagreb-3, Croatia",3,106,106.00,23,29,03/02/24,,
3,"Zagreb-3, Croatia",3,69,69.00,36,18,03/03/24,,
3,"Zagreb-3, Croatia",3,93,93.00,34,25,03/04/24,,
3,"Zagreb-3, Croatia",3,92,92.00,26,25,03/05/24,,
3,"Zagreb-3, Croatia",3,78,78.00,23,21,03/06/24,,
3,"Zagreb-3, Croatia",3,74,74.00,36,9,03/07/24,,
3,"Zagreb-3, Croatia",3,105,105.00,43,9,03/08/24,,
3,"Zagreb-3, Croatia",3,126,126.00,41,21,03/09/24,,
3,"Zagreb-3, Croatia",3,120,120.00,7,19,03/10/24,,
3,"Zagreb-3, Croatia",3,37,37.00,16,19,03/11/24,,
3,"Zagreb-3, Croatia",3,52,52.00,28,22,03/12/24,,
3,"Zagreb-3, Croatia",3,78,78.00,22,24,03/13/24,,
3,"Zagreb-3, Croatia",3,84,84.00,18,33,03/14/24,,
3,"Zagreb-3, Croatia",3,70,70.00,25,26,03/15/24,,
3,"Zagreb-3, Croatia",3,90,90.00,20,27,03/16/24,,
3,"Zagreb-3, Croatia",3,74,74.00,9,29,03/17/24,,
3,"Zagreb-3, Croatia",3,45,45.00,17,25,03/18/24,,
3,"Zagreb-3, Croatia",3,70,70.00,30,30,03/19/24,,
3,"Zagreb-3, Croatia",3,104,104.00,26,27,03/20/24,,
3,"Zagreb-3, Croatia",3,94,94.00,10,30,03/21/24,,
3,"Zagreb-3, Croatia",3,47,47.00,15,39,03/22/24,,
3,"Zagreb-3, Croatia",3,60,60.00,4,32,03/23/24,,
3,"Zagreb-3, Croatia",3,19,19.00,9,30,03/24/24,,
3,"Zagreb-3, Croatia",3,42,42.00,16,26,03/25/24,,
3,"Zagreb-3, Croatia",3,64,64.00,20,25,03/26/24,,
3,"Zagreb-3, Croatia",3,76,76.00,2,30,03/27/24,,
3,"Zagreb-3, Croatia",3,15,15.00,7,29,03/28/24,,
3,"Zagreb-3, Croatia",3,39,39.00,14,28,03/29/24,,
3,"Zagreb-3, Croatia",3,63,63.00,27,31,03/30/24,,
3,"Zagreb-3, Croatia",3,99,99.00,34,35,03/31/24,,
3,"Zagreb-3, Croatia",3,111,111.00,2,27,04/01/24,,
3,"Zagreb-3, Croatia",3,14,14.00,6,31,04/02/24,,
3,"Zagreb-3, Croatia",3,31,31.00,4,33,04/03/24,,
3,"Zagreb-3, Croatia",3,21,21.00,6,35,04/04/24,,
3,"Zagreb-3, Croatia",3,32,32.00,8,37,04/05/24,,
3,"Zagreb-3, Croatia",3,41,41.00,10,36,04/06/24,,
3,"Zagreb-3, Croatia",3,49,49.00,15,30,04/07/24,,
3,"Zagreb-3, Croatia",3,64,64.00,8,32,04/08/24,,
3,"Zagreb-3, Croatia",3,16,16.00,6,18,04/17/24,,
3,"Zagreb-3, Croatia",3,32,32.00,9,31,04/18/24,,
3,"Zagreb-3, Croatia",3,45,45.00,13,31,04/19/24,,
3,"Zagreb-3, Croatia",3,51,51.00,5,33,04/20/24,,
3,"Zagreb-3, Croatia",3,25,25.00,11,29,04/21/24,,
3,"Zagreb-3, Croatia",3,54,54.00,13,23,04/22/24,,
3,"Zagreb-3, Croatia",3,60,60.00,9,13,04/23/24,,
3,"Zagreb-3, Croatia",3,45,45.00,19,23,04/24/24,,
3,"Zagreb-3, Croatia",3,75,75.00,12,29,04/25/24,,
3,"Zagreb-3, Croatia",3,51,51.00,8,35,04/26/24,,
3,"Zagreb-3, Croatia",3,39,39.00,12,32,04/27/24,,
3,"Zagreb-3, Croatia",3,54,54.00,13,40,04/28/24,,
3,"Zagreb-3, Croatia",3,56,56.00,9,41,04/29/24,,
3,"Zagreb-3, Croatia",3,46,46.00,12,29,04/30/24,,
3,"Zagreb-3, Croatia",3,56,56.00,8,31,05/01/24,,
3,"Zagreb-3, Croatia",3,38,38.00,3,24,05/02/24,,
3,"Zagreb-3, Croatia",3,19,19.00,9,29,05/03/24,,
3,"Zagreb-3, Croatia",3,44,44.00,11,34,05/04/24,,
3,"Zagreb-3, Croatia",3,50,50.00,4,35,05/05/24,,
3,"Zagreb-3, Croatia",3,21,21.00,6,31,05/06/24,,
3,"Zagreb-3, Croatia",3,34,34.00,11,30,05/07/24,,
3,"Zagreb-3, Croatia",3,52,52.00,10,37,05/08/24,,
3,"Zagreb-3, Croatia",3,49,49.00,8,41,05/09/24,,
3,"Zagreb-3, Croatia",3,41,41.00,10,47,05/10/24,,
3,"Zagreb-3, Croatia",3,48,48.00,11,39,05/11/24,,
3,"Zagreb-3, Croatia",3,53,53.00,12,34,05/12/24,,
3,"Zagreb-3, Croatia",3,55,55.00,10,31,05/13/24,,
3,"Zagreb-3, Croatia",3,46,46.00,17,32,05/14/24,,
3,"Zagreb-3, Croatia",3,70,70.00,13,26,05/15/24,,
3,"Zagreb-3, Croatia",3,59,59.00,11,31,05/16/24,,
3,"Zagreb-3, Croatia",3,49,49.00,6,34,05/17/24,,
3,"Zagreb-3, Croatia",3,30,30.00,10,35,05/18/24,,
3,"Zagreb-3, Croatia",3,49,49.00,25,28,05/19/24,,
3,"Zagreb-3, Croatia",3,93,93.00,22,15,05/20/24,,
3,"Zagreb-3, Croatia",3,81,81.00,6,26,05/21/24,,
3,"Zagreb-3, Croatia",3,33,33.00,9,31,05/22/24,,
3,"Zagreb-3, Croatia",3,40,40.00,7,32,05/23/24,,
3,"Zagreb-3, Croatia",3,36,36.00,11,41,05/24/24,,
3,"Zagreb-3, Croatia",3,52,52.00,11,36,05/25/24,,
3,"Zagreb-3, Croatia",3,53,53.00,13,41,05/26/24,,
3,"Zagreb-3, Croatia",3,58,58.00,14,24,05/27/24,,
3,"Zagreb-3, Croatia",3,62,62.00,5,32,05/28/24,,
3,"Zagreb-3, Croatia",3,27,27.00,6,33,05/29/24,,
3,"Zagreb-3, Croatia",3,34,34.00,8,24,05/30/24,,
3,"Zagreb-3, Croatia",3,39,39.00,5,30,05/31/24,,
3,"Zagreb-3, Croatia",3,27,27.00,5,34,06/01/24,,
3,"Zagreb-3, Croatia",3,31,31.00,6,22,06/02/24,,
3,"Zagreb-3, Croatia",3,32,32.00,6,25,06/03/24,,
3,"Zagreb-3, Croatia",3,28,28.00,10,32,06/04/24,,
3,"Zagreb-3, Croatia",3,45,45.00,18,39,06/05/24,,
3,"Zagreb-3, Croatia",3,59,59.00,23,40,06/06/24,,
3,"Zagreb-3, Croatia",3,60,60.00,27,36,06/07/24,,
3,"Zagreb-3, Croatia",3,77,77.00,31,35,06/08/24,,
3,"Zagreb-3, Croatia",3,79,79.00,22,27,06/09/24,,
3,"Zagreb-3, Croatia",3,60,60.00,11,31,06/10/24,,
3,"Zagreb-3, Croatia",3,37,37.00,7,25,06/11/24,,
3,"Zagreb-3, Croatia",3,19,19.00,14,17,06/12/24,,
3,"Zagreb-3, Croatia",3,44,44.00,15,26,06/13/24,,
3,"Zagreb-3, Croatia",3,49,49.00,14,35,06/14/24,,
3,"Zagreb-3, Croatia",3,44,44.00,10,37,06/15/24,,
3,"Zagreb-3, Croatia",3,31,31.00,14,40,06/16/24,,
3,"Zagreb-3, Croatia",3,41,41.00,20,35,06/17/24,,
3,"Zagreb-3, Croatia",3,56,56.00,21,33,06/18/24,,
3,"Zagreb-3, Croatia",3,46,46.00,22,35,06/19/24,,
3,"Zagreb-3, Croatia",3,50,50.00,45,22,06/20/24,,
3,"Zagreb-3, Croatia",3,91,91.00,35,27,06/21/24,,
3,"Zagreb-3, Croatia",3,68,68.00,11,38,06/22/24,,
3,"Zagreb-3, Croatia",3,22,22.00,14,34,06/23/24,,
3,"Zagreb-3, Croatia",3,40,40.00,18,29,06/24/24,,
3,"Zagreb-3, Croatia",3,54,54.00,25,22,06/25/24,,
3,"Zagreb-3, Croatia",3,72,72.00,16,33,06/26/24,,
3,"Zagreb-3, Croatia",3,50,50.00,17,40,06/27/24,,
3,"Zagreb-3, Croatia",3,50,50.00,16,36,06/28/24,,
3,"Zagreb-3, Croatia",3,50,50.00,17,31,06/29/24,,
3,"Zagreb-3, Croatia",3,51,51.00,13,35,06/30/24,,
3,"Zagreb-3, Croatia",3,35,35.00,7,28,07/01/24,,
3,"Zagreb-3, Croatia",3,23,23.00,12,31,07/02/24,,
3,"Zagreb-3, Croatia",3,35,35.00,13,29,07/03/24,,
3,"Zagreb-3, Croatia",3,41,41.00,11,28,07/04/24,,
3,"Zagreb-3, Croatia",3,34,34.00,12,33,07/05/24,,
3,"Zagreb-3, Croatia",3,37,37.00,14,38,07/06/24,,
3,"Zagreb-3, Croatia",3,45,45.00,20,39,07/07/24,,
3,"Zagreb-3, Croatia",3,58,58.00,22,41,07/08/24,,
3,"Zagreb-3, Croatia",3,56,56.00,29,51,07/09/24,,
3,"Zagreb-3, Croatia",3,61,61.00,29,49,07/10/24,,
3,"Zagreb-3, Croatia",3,69,69.00,27,40,07/11/24,,
3,"Zagreb-3, Croatia",3,64,64.00,21,40,07/12/24,,
3,"Zagreb-3, Croatia",3,53,53.00,16,40,07/13/24,,
3,"Zagreb-3, Croatia",3,46,46.00,18,56,07/14/24,,
3,"Zagreb-3, Croatia",3,47,47.00,22,52,07/15/24,,
3,"Zagreb-3, Croatia",3,54,54.00,14,39,07/16/24,,
3,"Zagreb-3, Croatia",3,32,32.00,12,43,07/17/24,,
3,"Zagreb-3, Croatia",3,28,28.00,17,45,07/18/24,,
3,"Zagreb-3, Croatia",3,47,47.00,13,34,07/19/24,,
3,"Zagreb-3, Croatia",3,49,49.00,14,42,07/20/24,,
3,"Zagreb-3, Croatia",3,49,49.00,21,36,07/21/24,,
3,"Zagreb-3, Croatia",3,59,59.00,14,37,07/22/24,,
3,"Zagreb-3, Croatia",3,42,42.00,12,34,07/23/24,,
3,"Zagreb-3, Croatia",3,35,35.00,13,35,07/24/24,,
3,"Zagreb-3, Croatia",3,38,38.00,16,34,07/25/24,,
3,"Zagreb-3, Croatia",3,42,42.00,17,43,07/26/24,,
3,"Zagreb-3, Croatia",3,44,44.00,17,44,07/27/24,,
3,"Zagreb-3, Croatia",3,50,50.00,11,38,07/28/24,,
3,"Zagreb-3, Croatia",3,32,32.00,15,41,07/29/24,,
3,"Zagreb-3, Croatia",3,41,41.00,17,38,07/30/24,,
3,"Zagreb-3, Croatia",3,41,41.00,21,40,07/31/24,,
3,"Zagreb-3, Croatia",3,54,54.00,12,46,08/01/24,,
3,"Zagreb-3, Croatia",3,30,30.00,10,39,08/02/24,,
3,"Zagreb-3, Croatia",3,34,34.00,15,41,08/03/24,,
3,"Zagreb-3, Croatia",3,48,48.00,15,35,08/04/24,,
3,"Zagreb-3, Croatia",3,47,47.00,13,37,08/05/24,,
3,"Zagreb-3, Croatia",3,36,36.00,20,41,08/06/24,,
3,"Zagreb-3, Croatia",3,49,49.00,9,44,08/07/24,,
3,"Zagreb-3, Croatia",3,29,29.00,10,41,08/08/24,,
3,"Zagreb-3, Croatia",3,29,29.00,12,41,08/09/24,,
3,"Zagreb-3, Croatia",3,36,36.00,12,44,08/10/24,,
3,"Zagreb-3, Croatia",3,38,38.00,17,41,08/11/24,,
3,"Zagreb-3, Croatia",3,44,44.00,21,52,08/12/24,,
3,"Zagreb-3, Croatia",3,52,52.00,22,41,08/13/24,,
3,"Zagreb-3, Croatia",3,59,59.00,19,52,08/14/24,,
3,"Zagreb-3, Croatia",3,60,60.00,24,50,08/15/24,,
3,"Zagreb-3, Croatia",3,61,61.00,24,43,08/16/24,,
3,"Zagreb-3, Croatia",3,61,61.00,24,40,08/17/24,,
3,"Zagreb-3, Croatia",3,61,61.00,14,37,08/18/24,,
3,"Zagreb-3, Croatia",3,40,40.00,17,31,08/19/24,,
3,"Zagreb-3, Croatia",3,53,53.00,27,34,08/20/24,,
3,"Zagreb-3, Croatia",3,72,72.00,16,39,08/21/24,,
3,"Zagreb-3, Croatia",3,46,46.00,23,43,08/22/24,,
3,"Zagreb-3, Croatia",3,58,58.00,23,40,08/23/24,,
3,"Zagreb-3, Croatia",3,61,61.00,18,44,08/24/24,,
3,"Zagreb-3, Croatia",3,54,54.00,15,40,08/25/24,,
3,"Zagreb-3, Croatia",3,39,39.00,14,41,08/26/24,,
3,"Zagreb-3, Croatia",3,41,41.00,26,47,08/27/24,,
3,"Zagreb-3, Croatia",3,61,61.00,29,48,08/28/24,,
3,"Zagreb-3, Croatia",3,68,68.00,31,45,08/29/24,,
3,"Zagreb-3, Croatia",3,67,67.00,32,50,08/30/24,,
3,"Zagreb-3, Croatia",3,68,68.00,27,54,08/31/24,,
3,"Zagreb-3, Croatia",3,64,64.00,40,45,09/01/24,,
3,"Zagreb-3, Croatia",3,74,74.00,41,48,09/02/24,,
3,"Zagreb-3, Croatia",3,50,50.00,13,22,09/08/24,,
3,"Zagreb-3, Croatia",3,41,41.00,8,26,09/09/24,,
3,"Zagreb-3, Croatia",3,22,22.00,12,29,09/10/24,,
3,"Zagreb-3, Croatia",3,32,32.00,8,21,09/11/24,,
3,"Zagreb-3, Croatia",3,29,29.00,2,18,09/12/24,,
3,"Zagreb-3, Croatia",3,8,8.00,4,13,09/13/24,,
3,"Zagreb-3, Croatia",3,15,15.00,4,22,09/14/24,,
3,"Zagreb-3, Croatia",3,15,15.00,6,14,09/15/24,,
3,"Zagreb-3, Croatia",3,20,20.00,7,13,09/16/24,,
3,"Zagreb-3, Croatia",3,31,31.00,21,24,09/17/24,,
3,"Zagreb-3, Croatia",3,62,62.00,25,35,09/18/24,,
3,"Zagreb-3, Croatia",3,65,65.00,20,29,09/19/24,,
3,"Zagreb-3, Croatia",3,54,54.00,23,36,09/20/24,,
3,"Zagreb-3, Croatia",3,59,59.00,27,38,09/21/24,,
3,"Zagreb-3, Croatia",3,68,68.00,27,24,09/22/24,,
3,"Zagreb-3, Croatia",3,71,71.00,16,23,09/23/24,,
3,"Zagreb-3, Croatia",3,47,47.00,11,25,09/24/24,,
3,"Zagreb-3, Croatia",3,38,38.00,14,31,09/25/24,,
3,"Zagreb-3, Croatia",3,44,44.00,18,30,09/26/24,,
3,"Zagreb-3, Croatia",3,46,46.00,7,25,09/27/24,,
3,"Zagreb-3, Croatia",3,25,25.00,7,29,09/28/24,,
3,"Zagreb-3, Croatia",3,22,22.00,13,22,09/29/24,,
3,"Zagreb-3, Croatia",3,43,43.00,20,19,09/30/24,,
3,"Zagreb-3, Croatia",3,59,59.00,23,11,10/01/24,,
3,"Zagreb-3, Croatia",3,70,70.00,6,17,10/02/24,,
3,"Zagreb-3, Croatia",3,24,24.00,7,17,10/03/24,,
3,"Zagreb-3, Croatia",3,24,24.00,14,10,10/04/24,,
3,"Zagreb-3, Croatia",3,51,51.00,13,14,10/05/24,,
3,"Zagreb-3, Croatia",3,48,48.00,11,22,10/06/24,,
3,"Zagreb-3, Croatia",3,37,37.00,10,20,10/07/24,,
3,"Zagreb-3, Croatia",3,28,28.00,8,22,10/08/24,,
3,"Zagreb-3, Croatia",3,24,24.00,7,28,10/09/24,,
3,"Zagreb-3, Croatia",3,22,22.00,8,17,10/10/24,,
3,"Zagreb-3, Croatia",3,24,24.00,9,25,10/11/24,,
3,"Zagreb-3, Croatia",3,27,27.00,16,20,10/12/24,,
3,"Zagreb-3, Croatia",3,51,51.00,16,19,10/13/24,,
3,"Zagreb-3, Croatia",3,44,44.00,20,28,10/14/24,,
3,"Zagreb-3, Croatia",3,57,57.00,17,19,10/15/24,,
3,"Zagreb-3, Croatia",3,49,49.00,26,11,10/16/24,,
3,"Zagreb-3, Croatia",3,79,79.00,40,9,10/17/24,,
3,"Zagreb-3, Croatia",3,101,101.00,29,19,10/18/24,,
3,"Zagreb-3, Croatia",3,73,73.00,27,24,10/19/24,,
3,"Zagreb-3, Croatia",3,71,71.00,40,12,10/20/24,,
3,"Zagreb-3, Croatia",3,105,105.00,46,7,10/21/24,,
3,"Zagreb-3, Croatia",3,122,122.00,48,21,10/22/24,,
3,"Zagreb-3, Croatia",3,121,121.00,37,16,10/23/24,,
3,"Zagreb-3, Croatia",3,95,95.00,36,8,10/24/24,,
3,"Zagreb-3, Croatia",3,94,94.00,29,6,10/25/24,,
3,"Zagreb-3, Croatia",3,82,82.00,27,13,10/26/24,,
3,"Zagreb-3, Croatia",3,76,76.00,36,6,10/27/24,,
3,"Zagreb-3, Croatia",3,89,89.00,38,10,10/28/24,,
3,"Zagreb-3, Croatia",3,98,98.00,38,5,10/29/24,,
3,"Zagreb-3, Croatia",3,104,104.00,39,3,10/30/24,,
3,"Zagreb-3, Croatia",3,108,108.00,19,7,10/31/24,,
3,"Zagreb-3, Croatia",3,67,67.00,25,5,11/01/24,,
3,"Zagreb-3, Croatia",3,80,80.00,24,20,11/02/24,,
3,"Zagreb-3, Croatia",3,76,76.00,49,5,11/03/24,,
3,"Zagreb-3, Croatia",3,120,120.00,55,11,11/04/24,,
3,"Zagreb-3, Croatia",3,134,134.00,58,7,11/05/24,,
3,"Zagreb-3, Croatia",3,149,149.00,62,2,11/06/24,,
3,"Zagreb-3, Croatia",3,158,158.00,49,10,11/07/24,,
3,"Zagreb-3, Croatia",3,135,135.00,57,16,11/08/24,,
3,"Zagreb-3, Croatia",3,152,152.00,40,21,11/09/24,,
3,"Zagreb-3, Croatia",3,116,116.00,48,19,11/10/24,,
3,"Zagreb-3, Croatia",3,129,129.00,42,14,11/11/24,,
3,"Zagreb-3, Croatia",3,112,112.00,30,19,11/12/24,,
3,"Zagreb-3, Croatia",3,82,82.00,29,17,11/13/24,,
3,"Zagreb-3, Croatia",3,72,72.00,41,10,11/14/24,,
3,"Zagreb-3, Croatia",3,105,105.00,47,14,11/15/24,,
3,"Zagreb-3, Croatia",3,128,128.00,53,9,11/16/24,,
3,"Zagreb-3, Croatia",3,148,148.00,38,8,11/17/24,,
3,"Zagreb-3, Croatia",3,112,112.00,50,2,11/18/24,,
3,"Zagreb-3, Croatia",3,138,138.00,28,16,11/19/24,,
3,"Zagreb-3, Croatia",3,80,80.00,26,11,11/20/24,,
3,"Zagreb-3, Croatia",3,75,75.00,12,14,11/21/24,,
3,"Zagreb-3, Croatia",3,49,49.00,23,14,11/22/24,,
3,"Zagreb-3, Croatia",3,76,76.00,18,22,11/23/24,,
3,"Zagreb-3, Croatia",3,64,64.00,13,25,11/24/24,,
3,"Zagreb-3, Croatia",3,45,45.00,14,23,11/25/24,,
3,"Zagreb-3, Croatia",3,44,44.00,17,16,11/26/24,,
3,"Zagreb-3, Croatia",3,64,64.00,24,19,11/27/24,,
3,"Zagreb-3, Croatia",3,77,77.00,22,17,11/28/24,,
3,"Zagreb-3, Croatia",3,68,68.00,13,16,11/29/24,,
3,"Zagreb-3, Croatia",3,49,49.00,23,15,11/30/24,,
3,"Zagreb-3, Croatia",3,73,73.00,48,7,12/01/24,,
3,"Zagreb-3, Croatia",3,115,115.00,55,7,12/02/24,,
3,"Zagreb-3, Croatia",3,132,132.00,51,10,12/03/24,,
3,"Zagreb-3, Croatia",3,132,132.00,38,11,12/04/24,,
3,"Zagreb-3, Croatia",3,120,120.00,44,5,12/04/24,,
3,"Zagreb-3, Croatia",3,118,118.00,42,5,12/04/24,,
3,"Zagreb-3, Croatia",3,136,136.00,60,5.5,12/04/24,,
3,"Zagreb-3, Croatia",3,145,145.00,63,6.1,12/04/24,,
3,"Zagreb-3, Croatia",3,145,145.00,63,6.6,12/04/24,,
3,"Zagreb-3, Croatia",3,85,85.00,46,2,12/05/24,,
3,"Zagreb-3, Croatia",3,72,72.00,46,6.1,12/05/24,,
3,"Zagreb-3, Croatia",3,152,152.00,54,2.7,12/06/24,,
3,"Zagreb-3, Croatia",3,144,144.00,51,2.7,12/06/24,,
